student_id,age,gender,school_type,family_income,urban_rural,previous_exam_score,previous_gpa,attendance_percentage,assignment_completion_rate,class_participation,study_hours_per_day,self_study_hours,private_tuition,online_learning_hours,study_consistency,practice_tests_completed,sleep_hours,daily_screen_time,physical_activity_hours,stress_level,internet_access,online_course_hours,exam_difficulty,exam_preparation_days,questions_attempted,questions_correct,time_management_score,exam_anxiety_level,exam_score,performance_grade,pass_status,performance_level
STU_000001,20,Female,Public,Middle,Rural,78.36,2.95,81.49,65.18,Medium,4.94,2.63,0,1.75,Medium,8,6.31,3.8,0.93,10,1,2.15,Medium,27,95,86,,9.39,90.4,A,Pass,High
STU_000002,17,Male,Public,Middle,Suburban,73.4,2.89,,76.53,Low,3.42,2.64,0,1.97,Medium,10,6.81,4.04,0.21,8,1,4.37,Easy,4,100,86,87.17,6.31,86.21,A,Pass,High
STU_000003,18,Other,Public,Middle,Urban,82.76,3.35,100,70.39,Medium,1.06,0.83,0,3.4,Low,5,6.53,3.19,2.56,9,1,1.43,Easy,28,96,74,63.77,9.87,76.11,B,Pass,Medium
STU_000004,20,Male,Public,Middle,Suburban,60.61,2.57,84.91,75.06,Low,7.89,5.51,0,1.94,Medium,8,6.6,5.12,2.3,10,1,3.69,Medium,16,97,77,59.51,9.68,79.74,B,Pass,Medium
STU_000005,16,Female,Private,High,Suburban,74.79,2.84,88.21,61.54,Medium,2.63,2.29,0,0.58,Medium,1,7.83,4.82,0.49,10,1,1.97,Medium,28,98,52,84.64,10,50.66,D,Pass,Low
STU_000006,18,Male,Public,High,Rural,67.68,,97.11,65.46,Medium,3.18,1.67,1,1.02,Medium,6,8.83,8.37,1.64,6,1,1.08,Hard,27,96,65,55.27,6.12,67.9,C,Pass,Medium
STU_000007,18,Male,Charter,Middle,Urban,78.84,3,85.38,70.92,Medium,3.35,2.11,0,1.47,Medium,6,7.16,2.59,0.71,10,1,5.62,Hard,12,98,54,86.15,9.46,53.86,D,Pass,Low
STU_000008,20,Female,Private,Lower-Middle,Suburban,90.79,3.63,80.61,72.83,High,5.51,4.33,0,0.26,Low,9,8.22,6.86,0.09,10,0,4.78,Easy,7,94,91,88.08,10,97.61,A,Pass,High
STU_000009,15,Male,Public,Lower-Middle,Suburban,61.28,2.43,86.47,70.12,High,2.42,1.65,1,6.23,High,7,6.55,5.99,1.51,10,1,2.01,Hard,14,94,35,70.21,8.34,34.44,F,Fail,Low
STU_000010,16,Female,Public,Lower-Middle,Rural,61.33,2.72,89.61,61.53,Low,1.26,0.78,0,2.86,Medium,2,8.9,1.21,1.59,10,1,8.4,Hard,4,87,34,73.78,8.49,39.05,F,Fail,Low
STU_000011,20,Male,Private,Middle,Suburban,71.7,2.86,84.73,64.63,High,1.47,1.04,1,3.47,Low,4,9.1,2.63,3.8,6,1,0.64,Medium,2,93,68,,4.59,76.22,B,Pass,Medium
STU_000012,16,Male,Public,Upper-Middle,Urban,94.04,3.85,96.87,65.89,Medium,2.85,2.02,0,0.4,Low,3,6.77,6.03,0.17,10,1,2.73,Medium,3,94,74,89.89,10,77.19,B,Pass,Medium
STU_000013,16,Female,Public,Middle,Urban,77.31,3.14,82.01,61.22,Low,3.64,3.15,1,4.03,High,5,7.51,4.54,6.04,10,1,2.41,Easy,11,98,62,63.69,9.32,60.24,D,Pass,Medium
STU_000014,18,Female,Private,Lower-Middle,Suburban,67.88,2.64,97.33,90.35,Medium,5.86,3.75,0,2.19,Medium,7,8.65,4.4,1.9,7,1,3.55,Hard,24,94,58,100,7.1,61.67,D,Pass,Medium
STU_000015,17,Male,Public,Middle,Suburban,71.9,2.7,95.33,69.98,High,3.19,2.79,0,0.57,Low,9,7.16,3.6,4.85,10,1,1.09,Medium,26,94,72,76.86,10,75.29,B,Pass,Medium
STU_000016,16,Male,Public,Middle,Rural,41.12,1.83,99.8,86.47,High,0.5,0.3,0,0.58,High,5,7.22,6.78,1.42,9,1,0.53,Hard,14,93,36,96.84,8.47,38.77,F,Fail,Low
STU_000017,19,Male,Public,Middle,Rural,75.61,3.12,83.92,59.84,Medium,3.62,2.37,1,1.27,Low,3,8.81,1.75,3.6,10,1,2.57,Medium,17,87,77,91.31,10,86.36,A,Pass,High
STU_000018,18,Male,Public,Middle,Suburban,73.86,,87.8,83.33,Medium,2.65,2.34,0,1.14,High,3,5.84,5.59,1.37,10,1,1.19,Hard,11,92,52,,8.43,55.88,D,Pass,Low
STU_000019,15,Female,Public,Low,Suburban,52.9,2.03,,57.6,Medium,0.87,0.67,0,0.16,Medium,4,6.19,5.54,4.66,10,1,1.16,Hard,3,100,30,,9.85,32.5,F,Fail,Low
STU_000020,17,Female,Private,Lower-Middle,Urban,87.54,3.52,78.31,83.69,Medium,2.16,1.3,1,5.54,Medium,0,6.61,7.06,2.18,10,0,3.35,Medium,28,93,64,81.07,10,70.56,C,Pass,Medium
STU_000021,19,Female,Public,Low,Suburban,75.66,2.88,75.56,68.79,Medium,2.27,1.9,0,4.15,Medium,5,9.28,6.28,6.6,10,1,1.42,Medium,28,95,64,98.01,9.8,68.1,C,Pass,Medium
STU_000022,19,Other,Private,Lower-Middle,Suburban,59.1,2.66,79.9,72.14,High,4.81,3.33,1,0.5,Medium,8,7.17,8.02,2.52,10,0,4.28,Hard,24,85,53,60.8,7.74,59.96,D,Pass,Low
STU_000023,15,Male,Public,Low,Suburban,63.72,2.42,80.78,63.28,Medium,1.46,1.25,0,1.96,High,5,7.37,3.86,2.48,9,1,3.1,Medium,1,90,18,78.7,8.43,19.76,F,Fail,Low
STU_000024,17,Male,Public,Upper-Middle,Rural,74.88,2.8,90.19,77.12,High,4.11,3.15,1,1.54,Medium,11,6.52,8.49,1.1,7,1,1.22,Medium,1,87,62,100,9.02,72.44,C,Pass,Medium
STU_000025,18,Male,Private,Upper-Middle,Suburban,86.91,3.58,,64.81,Medium,0.75,0.65,0,0.08,Medium,4,7.12,4.03,1.57,10,1,1.5,Hard,24,97,68,100,8.78,72.34,C,Pass,Medium
STU_000026,14,Female,Public,Upper-Middle,Suburban,100,4,91.06,75.74,Low,3.88,1.99,0,2.97,High,13,5.71,6,3.33,10,1,1.27,Hard,25,91,59,64.33,10,66.4,C,Pass,Medium
STU_000027,17,Female,Private,High,Urban,88.96,3.66,91,55.44,Medium,0.5,0.35,0,0.29,High,4,5.72,7.75,3.92,9,1,0.26,Medium,14,89,59,57.36,8.72,66.34,C,Pass,Medium
STU_000028,15,Male,Private,Middle,Suburban,72.24,2.99,78.67,60.58,Medium,1.15,0.68,1,0.58,Medium,3,7.48,6.33,1.46,10,1,1.2,Hard,23,91,44,66.75,10,47.83,F,Fail,Low
STU_000029,19,Female,Charter,Low,Urban,74.52,3.34,84.36,56.74,Medium,2.83,2.36,0,0.38,Low,5,7.88,4.23,0.5,8,1,5.87,Medium,2,92,69,90.01,4.11,73.88,C,Pass,Medium
STU_000030,18,Female,Charter,Low,Suburban,58.62,2.08,83.17,72.11,Medium,5.57,4.84,0,0.08,Low,7,5.49,3.13,0.32,10,1,1.1,Hard,17,96,58,89.45,10,58.27,D,Pass,Low
STU_000031,17,Male,Public,Low,Rural,66.2,2.89,91.57,56.36,Medium,5.35,3.61,0,3.91,Medium,6,8.63,3.2,0.26,10,1,0.36,Hard,25,89,60,72.54,10,65.74,C,Pass,Medium
STU_000032,14,Male,Private,Middle,Urban,65.48,2.74,100,59.9,High,2.85,1.8,0,0.07,High,7,8.57,4.79,6.03,7,1,1.45,Medium,15,87,69,73.2,5.03,81.66,B,Pass,High
STU_000033,14,Male,Private,Low,Suburban,63.05,2.88,81.4,74.87,Medium,4.59,3.32,1,1.42,Medium,11,6.96,7.09,5.37,9,1,1.7,Medium,4,88,77,87.4,8.78,84.17,B,Pass,High
STU_000034,16,Female,Public,Middle,Suburban,84.86,3.5,73.86,51.95,Medium,1.01,0.62,0,3.59,Medium,2,6.81,4.31,0.98,10,1,3.54,Easy,12,98,49,66.81,10,49.29,F,Fail,Low
STU_000035,16,Male,Public,High,Urban,72.41,3.15,,72.2,High,4.08,2.11,0,7.64,High,4,8.49,6.47,1.36,10,1,0.93,Easy,23,97,91,100,6.18,92.31,A,Pass,High
STU_000036,20,Female,Charter,Low,Urban,81.06,3.3,78.98,64.3,Low,3.6,3.02,1,0.22,High,6,7.17,4.62,0.99,10,1,0.52,Hard,1,90,47,84.02,9.14,51.14,D,Pass,Low
STU_000037,15,Female,Public,Low,Suburban,59.45,2.25,,75.7,High,1.26,0.74,0,2.79,Low,4,8.07,4.26,1.91,7,1,1.24,Hard,9,87,53,70.4,7.34,60.83,D,Pass,Medium
STU_000038,17,Male,Public,Middle,Urban,49.26,2.01,89.99,65.93,High,1.53,0.92,0,2.5,Medium,1,7.96,5.39,1.17,7,1,0.1,Medium,25,85,42,91.74,7.76,53.66,D,Pass,Low
STU_000039,17,Female,Public,Lower-Middle,Suburban,91.29,3.74,80.01,80.59,High,4.38,2.26,0,0.23,Medium,7,6.8,5.5,2.05,7,1,1.51,Easy,10,87,82,64.28,8.04,96.07,A,Pass,High
STU_000040,20,Male,Public,High,Urban,59.7,2.19,89.02,74.8,Medium,4.24,3,0,1.84,Medium,4,9.27,4.63,4.29,10,1,1.47,Medium,18,90,61,89.62,9.4,67.43,C,Pass,Medium
STU_000041,19,Male,Public,High,Suburban,66.92,2.83,98.57,90.66,High,5.19,4.09,0,0.6,Medium,10,7.28,3.68,4.78,10,1,1.29,Easy,17,96,66,77.6,10,68.46,C,Pass,Medium
STU_000042,19,Female,Public,Low,Rural,47.21,1.8,78.52,62.9,High,2.59,1.44,0,3.48,Low,6,7.76,6.22,1.65,10,1,2,Medium,17,91,39,45.89,9.53,40.38,F,Fail,Low
STU_000043,20,Male,Public,Upper-Middle,Suburban,64.26,2.59,87.47,71.43,Medium,1.57,1.23,0,1.51,Low,6,5.95,4.94,1.39,10,1,5.66,Easy,13,96,59,59.72,8.08,64.78,D,Pass,Medium
STU_000044,19,Male,Public,Middle,Suburban,77.14,3,80.03,66.97,Medium,2.41,2.16,0,0.37,Medium,8,5.24,4.51,0.81,10,1,0.11,Medium,13,94,56,,10,58.63,D,Pass,Low
STU_000045,16,Male,Public,Lower-Middle,Rural,71.13,2.66,,77.43,High,1.75,0.98,1,1.55,Low,7,6.53,4.06,1.89,7,1,1.39,Hard,21,85,55,97.17,7.16,64.03,D,Pass,Medium
STU_000046,17,Female,Public,Upper-Middle,Suburban,56.78,2.28,75.65,75.4,Low,1.64,1.39,0,7.26,Medium,4,6.43,6.89,3.35,10,1,1.37,Hard,2,99,39,74.87,7.61,42.53,F,Fail,Low
STU_000047,20,Female,Public,Middle,Rural,81.12,3.34,85.17,73.7,Medium,4.52,3.29,0,1.48,Medium,6,6.76,4.17,2.37,10,0,8.29,Hard,3,91,64,73.6,9.5,70.64,C,Pass,Medium
STU_000048,17,Male,Public,Lower-Middle,Urban,52.34,,100,72.49,Medium,3.27,2.54,1,1.72,Medium,5,7.26,3.46,0.89,10,1,1.77,Easy,24,89,59,70.51,9.35,65.12,C,Pass,Medium
STU_000049,14,Male,Public,Lower-Middle,Urban,45.81,1.68,85.07,59.23,Medium,2.74,2.43,0,5.9,Medium,4,6.34,3.89,1.29,10,1,0.76,Medium,6,94,43,56.8,8.6,44.75,F,Fail,Low
STU_000050,16,Female,Charter,Middle,Urban,61.53,2.61,88.29,83.38,High,2.33,1.66,0,3.03,Medium,3,7.68,5.18,2.67,10,1,2.65,Medium,15,92,46,58.91,10,51.44,D,Pass,Low
STU_000051,18,Female,Public,Middle,Urban,72.09,3,93.12,83.15,Medium,4.32,3.35,1,0.85,Medium,4,7.71,6.8,1.07,10,1,0.01,Hard,30,98,62,67.57,10,62.21,D,Pass,Medium
STU_000052,16,Male,Public,Low,Urban,63.66,2.59,96.47,71.73,High,3.41,1.88,1,0.06,Medium,5,6.33,2.31,1.52,8,1,1.04,Medium,3,98,61,74.15,8.98,61.24,D,Pass,Medium
STU_000053,20,Male,Charter,Middle,Suburban,71.46,,76.34,54.79,Low,1.72,1.52,1,0.37,Medium,5,9.56,3.26,0.33,6,1,2.33,Easy,21,90,89,81.9,7.27,98.97,A,Pass,High
STU_000054,18,Male,Public,Middle,Suburban,71.34,2.83,94.64,91.67,Low,3.42,2.75,0,3.03,High,7,5.57,4.26,0.12,10,0,0.97,Easy,1,97,41,58.66,10,44.19,F,Fail,Low
STU_000055,14,Female,Public,Upper-Middle,Rural,63.81,2.4,84.74,65.18,Medium,1.86,1.07,0,1.58,High,5,6.91,5.95,1.37,9,1,3.78,Medium,6,88,31,64.92,8.18,36.88,F,Fail,Low
STU_000056,20,Male,Public,Lower-Middle,Urban,71.95,2.57,88.45,79.91,High,4.63,2.97,0,2.37,Medium,8,7.21,4.33,3.86,10,1,2.28,Easy,21,93,82,100,9.15,89.57,A,Pass,High
STU_000057,15,Female,Private,Upper-Middle,Suburban,70.76,2.74,,70.37,Medium,1.06,0.93,0,2.83,High,2,6.53,4.17,0.37,10,1,1.57,Hard,27,97,63,65.53,9.47,65.28,C,Pass,Medium
STU_000058,17,Male,Public,Upper-Middle,Urban,78.23,2.98,82.18,58.06,Medium,1.35,1.18,0,4.46,High,7,7.51,4.63,8.46,10,1,2.34,Easy,17,91,68,69.56,10,76.9,B,Pass,Medium
STU_000059,14,Male,Private,Lower-Middle,Rural,67.59,2.96,86.1,77.85,Low,5.51,4,1,0.4,High,8,8.66,3.69,1.55,6,1,3.07,Medium,3,95,66,100,9.23,72.53,C,Pass,Medium
STU_000060,17,Male,Public,Middle,Rural,59.31,2.49,76.21,80.57,Low,6.95,5.76,0,1.1,Low,11,9.71,3.36,7.98,10,1,0.07,Medium,18,97,78,86.38,8.67,79.86,B,Pass,Medium
STU_000061,19,Male,Private,Middle,Rural,65.58,2.64,83.83,70.64,Low,2.87,1.75,1,1.86,Medium,5,6.48,5.75,5.14,10,1,2.85,Easy,19,98,41,67.01,9.43,44.92,F,Fail,Low
STU_000062,15,Male,Private,Middle,Rural,66.7,2.85,81.14,52.94,Low,3.98,3.12,0,4.84,Medium,7,7.59,3.49,0.38,10,1,4.68,Hard,6,97,53,80.81,10,53.38,D,Pass,Low
STU_000063,15,Male,Public,Lower-Middle,Rural,70.23,2.71,89.09,58.91,High,1.82,0.99,0,5.52,Low,8,6.54,5.39,1.17,10,1,1.48,Medium,4,87,45,78.55,10,52.55,D,Pass,Low
STU_000064,14,Female,Public,Lower-Middle,Urban,58.77,2.08,,87.26,Medium,7.15,4.82,0,0.05,Medium,10,6.96,5.11,3.93,10,1,8.23,Hard,23,99,78,74.58,8.86,79.1,B,Pass,Medium
STU_000065,15,Male,Public,Middle,Urban,80.88,3.29,78.69,72.1,Medium,4.95,2.99,0,0.48,High,6,7.32,3.48,2.46,10,1,0.65,Medium,5,85,56,64.63,10,65.71,C,Pass,Medium
STU_000066,18,Male,Private,Lower-Middle,Urban,76.47,3.14,91.99,75.87,High,5.09,3.42,0,4.48,Medium,3,5.07,4.88,0.76,10,1,3.85,Hard,15,95,55,100,8.86,57.71,D,Pass,Low
STU_000067,15,Female,Charter,Middle,Urban,54.31,2.12,,75.14,High,2.38,1.76,0,1.23,High,1,5.34,3.08,0.16,10,1,6.34,Hard,12,93,25,70.15,10,25.8,F,Fail,Low
STU_000068,17,Male,Public,Low,Urban,36.28,1.23,,60.65,Medium,1.13,0.61,1,0.88,High,4,8.43,5.87,4.47,10,1,0.32,Medium,26,91,42,65.67,10,48.17,F,Fail,Low
STU_000069,17,Male,Private,Upper-Middle,Rural,71.1,2.71,100,70.93,Low,4.65,2.45,0,2.58,Low,4,6.98,4.95,0.21,9,1,10.12,Hard,7,87,63,89.34,10,71.52,C,Pass,Medium
STU_000070,20,Male,Public,High,Rural,72.71,2.97,80.26,58.32,Medium,4.75,3.75,1,1.29,Medium,8,8.07,1.89,0.88,7,1,2.96,Hard,22,100,58,72.07,6.06,59.1,D,Pass,Low
STU_000071,17,Female,Public,Lower-Middle,Rural,57.56,2.29,84.93,70.88,Medium,3.16,1.73,0,4.43,Low,6,5.18,4.8,0.49,10,1,2.28,Medium,9,85,49,81.64,8.84,57.2,D,Pass,Low
STU_000072,20,Male,Public,Lower-Middle,Rural,71.74,2.87,,77.47,Medium,4.15,2.41,0,5.2,Low,4,8.32,7.11,0.22,10,1,0.08,Medium,2,85,56,100,9.21,68.52,C,Pass,Medium
STU_000073,17,Male,Private,Lower-Middle,Rural,68.75,2.8,98.63,81.03,High,4.18,3.35,0,1.15,Medium,4,5.54,6.16,7.83,10,0,1.32,Medium,10,90,34,80.48,10,40.32,F,Fail,Low
STU_000074,18,Male,Public,Middle,Suburban,79.72,2.89,76.23,62.2,High,3.02,2.66,1,2.88,Medium,6,6.24,6.07,0.66,10,1,0.79,Medium,6,90,45,64.45,8.76,50.63,D,Pass,Low
STU_000075,20,Male,Public,High,Suburban,61.28,2.55,87.97,80.52,Medium,2.69,2.22,0,1.12,Medium,4,8.42,6.41,6.23,10,0,11.41,Easy,29,88,51,94.86,10,58.17,D,Pass,Low
STU_000076,16,Female,Public,Lower-Middle,Rural,63.22,2.56,,51.65,Medium,3.82,3.33,1,0.84,Medium,6,6.99,1.83,0.46,10,1,4,Medium,17,86,51,81.66,10,61.03,D,Pass,Medium
STU_000077,19,Female,Public,Low,Urban,61.35,2.41,80.55,65.69,Medium,1.92,1.53,0,0.08,Medium,3,7.92,3.7,1.41,10,1,1.8,Hard,27,94,41,97.76,9.5,43.29,F,Fail,Low
STU_000078,14,Female,Private,Lower-Middle,Suburban,81.76,3.26,89.41,68.92,Medium,1.47,0.87,0,0.19,Low,2,5.68,6.83,2.48,10,1,4.36,Easy,9,92,66,60.88,9.84,71.79,C,Pass,Medium
STU_000079,17,Male,Public,Middle,Urban,56.96,1.93,71.44,48.62,Medium,0.96,0.6,0,5.79,Medium,3,6.42,4.43,0.75,10,1,6.17,Hard,2,89,9,75.76,8.89,9.6,F,Fail,Low
STU_000080,15,Female,Public,Upper-Middle,Urban,84.83,3.39,96.31,63.54,Low,2.84,1.84,0,4.68,Medium,3,6.65,3.23,0.87,10,1,1.27,Easy,28,98,95,81.57,10,95.75,A,Pass,High
STU_000081,17,Female,Private,Lower-Middle,Urban,65.76,2.66,81.64,73.45,Medium,0.5,0.31,0,0.28,Medium,5,5.71,5.64,1.28,10,1,6.99,Easy,9,94,59,85.73,9.98,62.67,D,Pass,Medium
STU_000082,15,Male,Private,Low,Suburban,73.37,3.08,82.8,74.41,Medium,2.18,1.16,0,0.51,Low,9,6.54,6.46,0.54,10,1,2.86,Easy,22,99,79,60.1,8.71,77.87,B,Pass,Medium
STU_000083,19,Male,Private,Low,Urban,64.58,2.59,87.39,84.61,Low,5,2.99,0,1.94,Medium,5,7.51,7.73,1,7,1,0.05,Easy,18,92,92,86.85,7.16,98.85,A,Pass,High
STU_000084,19,Male,Public,Upper-Middle,Urban,77.76,3.04,,63.1,Medium,4.57,2.74,0,1.35,Medium,8,6.53,3.88,10.5,10,1,2.89,Medium,6,98,83,68.9,10,85.75,A,Pass,High
STU_000085,19,Male,Public,Middle,Rural,70.11,2.87,78.61,87.03,Medium,5.46,2.85,1,2.71,Low,7,7.76,3.2,3.38,10,1,3.57,Medium,6,94,74,59.32,10,80.23,B,Pass,High
STU_000086,15,Male,Public,Low,Suburban,43.91,1.73,,70.33,Low,5.5,3.96,0,0.94,Medium,7,5.3,6.77,0.52,10,1,1.41,Easy,4,89,74,77.25,8.76,81.98,B,Pass,High
STU_000087,17,Male,Public,Middle,Urban,61.52,2.68,79.75,84.82,Medium,4.76,3.73,1,0.03,Low,11,5.8,6.94,2.85,10,1,0.07,Hard,19,91,42,,9.4,44.07,F,Fail,Low
STU_000088,19,Female,Public,Middle,Urban,73.53,2.6,90.15,64.88,Low,0.66,0.42,1,0.75,Medium,4,5.64,3.18,0.39,10,1,3.36,Easy,30,86,32,72.54,9.32,36.23,F,Fail,Low
STU_000089,18,Male,Public,High,Urban,64.67,2.65,84.47,89.24,Low,3.34,2.67,1,1.97,Low,6,6.26,3.86,1.59,10,1,0.49,Medium,16,90,66,81.66,8.37,71.89,C,Pass,Medium
STU_000090,20,Female,Charter,Low,Suburban,60.47,2.52,94.27,72.18,Medium,1.33,1.07,0,2.8,High,3,7.39,4.22,5.38,10,1,0.16,Hard,7,88,40,83.85,10,42.87,F,Fail,Low
STU_000091,15,Male,Public,Middle,Urban,67.12,2.68,,62.45,Low,4.06,2.69,0,0.74,Medium,6,5.75,7.84,0.27,8,1,1.07,Medium,2,92,66,88.97,9.16,70.13,C,Pass,Medium
STU_000092,15,Male,Private,Lower-Middle,Suburban,87.18,3.65,80.18,65.41,Low,3.43,2.88,0,0.67,Medium,6,6.94,3.16,1.96,10,1,4.38,Hard,1,91,41,46.78,10,47.16,F,Fail,Low
STU_000093,17,Male,Public,Middle,Suburban,57.39,2.24,85.5,46.32,Medium,1.07,0.65,0,2.71,Medium,1,4.57,4.75,1.26,10,1,0.05,Easy,8,92,44,90.77,10,46.73,F,Fail,Low
STU_000094,15,Male,Public,Low,Rural,83.6,3.2,92.37,68.52,Low,3.9,2.02,0,1.25,High,11,8.78,5.63,0.9,10,1,1.29,Easy,20,91,83,91.41,10,88.64,A,Pass,High
STU_000095,15,Female,Public,Lower-Middle,Urban,71.06,2.8,77.7,69.21,Medium,5.55,3.44,0,0.76,High,13,7.31,3.83,4.45,10,1,4.01,Medium,24,86,78,66.24,8.8,90.9,A,Pass,High
STU_000096,19,Female,Private,Upper-Middle,Suburban,85.12,3.39,75.22,60.5,High,2.22,1.85,0,0.59,Low,7,7.56,6.72,0.32,10,1,2.95,Medium,19,86,61,79.38,8.72,70.11,C,Pass,Medium
STU_000097,17,Male,Charter,Middle,Suburban,57.47,2.3,74.77,69.42,Medium,0.57,0.35,0,3.03,Medium,4,6.66,4.05,3.55,8,1,2.34,Easy,13,85,45,78.39,7.03,51.94,D,Pass,Low
STU_000098,19,Female,Private,Lower-Middle,Rural,67.92,2.9,90.32,83.11,Medium,3.44,2.47,1,1.25,Low,4,5.76,5.19,1.22,9,0,2.93,Easy,17,100,83,85.51,10,82.77,B,Pass,High
STU_000099,20,Male,Public,Upper-Middle,Rural,74.46,2.97,,63.4,Medium,1.73,1.19,0,1.66,Medium,7,6.02,4.44,1.53,8,1,0.32,Hard,6,99,53,81.41,7.07,53.84,D,Pass,Low
STU_000100,20,Male,Public,Lower-Middle,Suburban,61.38,2.5,89.6,68.35,Low,1.66,1.43,0,4.11,High,4,6.12,3.5,0.29,8,1,0.82,Medium,19,92,40,74.61,8.36,45.58,F,Fail,Low
STU_000101,19,Male,Charter,High,Suburban,59.03,2.24,82.08,60.79,High,2.94,1.5,0,7.35,Medium,6,6.08,5.94,0.99,10,1,0.97,Medium,15,95,62,74.61,6.95,65.95,C,Pass,Medium
STU_000102,20,Female,Public,Middle,Suburban,67.59,2.65,100,73.98,High,3.67,2.79,1,6.36,Low,3,4.86,7.34,1.85,10,1,0.45,Medium,3,99,58,56.56,10,56.56,D,Pass,Low
STU_000103,17,Female,Public,Middle,Rural,64.5,2.48,,92.13,High,4.74,4.02,0,4.67,Medium,10,7.88,3.76,2.95,10,1,0.45,Medium,14,87,87,49.25,10,100,A,Pass,High
STU_000104,14,Female,Charter,Middle,Suburban,54.8,2.46,84.53,65.17,Medium,3.26,2.44,0,0.73,Medium,7,4.84,6.09,4,10,1,7.27,Easy,14,86,59,91.03,10,70.16,C,Pass,Medium
STU_000105,19,Female,Public,Middle,Suburban,82.35,3.35,97.37,72.76,Medium,4.13,3.71,1,1.16,High,6,5.82,3.85,4.03,10,1,4.18,Hard,14,88,52,75.87,9.01,59.11,D,Pass,Low
STU_000106,18,Female,Public,High,Suburban,91.51,3.42,95.88,99.03,Medium,4.54,2.81,0,2.79,High,7,7.27,2.57,2.04,9,0,12.04,Easy,19,95,93,68.34,6.36,97.48,A,Pass,High
STU_000107,18,Female,Public,Middle,Rural,84.14,3.38,,70.07,Medium,6.08,3.4,1,0.77,High,5,7.2,7.12,5.78,10,1,0.18,Medium,6,100,77,94.36,10,79.05,B,Pass,Medium
STU_000108,15,Female,Private,Lower-Middle,Rural,58.32,,,73.46,Medium,4.4,2.91,0,5.15,Medium,4,6.53,4.23,5.89,7,1,0.83,Easy,30,93,59,98.94,7.55,62.74,D,Pass,Medium
STU_000109,20,Female,Charter,Lower-Middle,Suburban,71.95,3.08,90.56,83.81,High,2.67,2.08,0,2.62,High,6,7.53,3.57,0.09,9,1,1.01,Easy,7,97,82,100,7.44,84.64,B,Pass,High
STU_000110,18,Female,Charter,Lower-Middle,Rural,39.77,1.34,80.47,61.96,Medium,1.53,1.35,1,2.73,Medium,8,8.58,5.56,0.68,10,1,0.12,Medium,5,94,42,71.63,10,46.33,F,Fail,Low
STU_000111,15,Female,Public,Upper-Middle,Suburban,54.07,2.4,81.9,59.07,Low,2.43,1.87,0,0.05,Medium,4,5.31,5.72,2.63,10,0,3.35,Hard,8,92,27,,10,28.93,F,Fail,Low
STU_000112,14,Male,Public,Middle,Rural,57.62,2.34,81.56,69.74,Medium,1.92,1.46,0,3.82,Medium,3,6.79,3.48,1.36,10,1,14.98,Easy,16,94,39,,10,41.15,F,Fail,Low
STU_000113,17,Male,Public,Middle,Urban,51.47,1.99,89.1,83.1,Medium,1.83,1.56,0,0.41,Medium,1,5.82,5.76,1.1,10,1,0.37,Medium,10,94,29,82.08,9.42,30.13,F,Fail,Low
STU_000114,17,Female,Public,Low,Suburban,82.62,3.35,93.27,68.58,Low,1.79,0.94,0,0.14,Medium,8,6.63,3.8,5.09,10,1,3.75,Medium,19,96,56,73.61,10,56.77,D,Pass,Low
STU_000115,17,Male,Public,Upper-Middle,Urban,72.64,2.66,85.73,86.21,Medium,3.49,2.69,0,5.14,Medium,8,7.17,5.57,0.37,10,1,3.4,Hard,18,93,65,89.66,10,68.76,C,Pass,Medium
STU_000116,18,Female,Public,Upper-Middle,Rural,73.72,2.83,91.16,54.49,Medium,1.84,1.61,0,2.86,Medium,9,7.68,8.05,1.85,10,1,6.68,Hard,30,92,69,75.98,10,74.69,C,Pass,Medium
STU_000117,14,Male,Public,Middle,Suburban,70.64,2.72,75.3,56.33,Low,1.45,1.07,1,0.81,Medium,4,6.18,5.8,0.42,10,1,3.48,Medium,20,93,47,90.25,10,52.13,D,Pass,Low
STU_000118,18,Female,Public,Lower-Middle,Urban,74.5,3.06,81.69,70.53,Low,0.86,0.56,0,2.12,Medium,2,6.13,1.47,0.06,10,1,1.68,Hard,3,98,40,71.49,9.41,39.88,F,Fail,Low
STU_000119,20,Female,Public,High,Urban,71.96,2.98,89.38,73.91,Low,1.72,1.36,0,3.99,High,9,5.22,7,2.92,9,1,7.06,Medium,4,93,39,61.79,10,42.72,F,Fail,Low
STU_000120,18,Male,Public,Middle,Suburban,57.45,2.25,84.17,83.13,Medium,2.86,1.44,0,1.76,Low,3,5.72,7.24,2.58,10,1,3,Medium,26,98,52,70.46,10,51.22,D,Pass,Low
STU_000121,14,Female,Public,Low,Urban,60.37,2.47,77.54,92.88,Low,7.05,4.5,0,4.25,Medium,10,6,4.4,0.59,10,1,0.95,Easy,5,98,71,84.87,10,73.6,C,Pass,Medium
STU_000122,14,Male,Public,Lower-Middle,Suburban,87.65,,78.64,95.64,Medium,9.49,8.14,1,1.42,High,12,6.74,5.67,1.72,7,1,2.11,Medium,11,91,91,100,4.16,100,A,Pass,High
STU_000123,20,Male,Private,Low,Urban,70.89,3.13,99.57,71.89,Medium,1.78,1.52,0,0.78,Medium,5,6.59,6.45,2.27,9,1,0.09,Medium,14,98,58,69.82,8.82,59.09,D,Pass,Low
STU_000124,14,Female,Private,Lower-Middle,Urban,63.17,2.52,87.44,68.04,Medium,3.77,3.33,0,1.28,High,6,7.85,3.37,12,7,0,4.87,Easy,14,87,64,81.65,7.49,74.84,C,Pass,Medium
STU_000125,14,Female,Public,Middle,Urban,69.34,2.85,86.21,79.01,Medium,2.58,1.92,0,2.83,High,4,6.35,6.36,0.61,10,0,5.33,Easy,22,89,63,79.57,10,71.91,C,Pass,Medium
STU_000126,17,Male,Private,Low,Urban,54.1,2.28,75.26,60.51,High,3.71,3.28,0,2.1,Medium,4,8.36,5.31,2.98,8,1,1.04,Hard,29,98,46,96.05,5.38,48.48,F,Fail,Low
STU_000127,20,Male,Public,Low,Rural,66.15,2.7,100,91.31,High,4.71,2.85,1,3.39,High,10,8.23,1,3.06,10,1,1.22,Medium,12,98,89,75.86,10,89.3,A,Pass,High
STU_000128,16,Female,Public,Lower-Middle,Rural,74.04,3.18,74.77,54.6,High,3.18,2.42,0,0.94,Medium,2,8.07,4.59,1.31,10,1,4.66,Medium,12,93,50,62.57,7.77,57.31,D,Pass,Low
STU_000129,16,Female,Private,Upper-Middle,Suburban,76.97,2.98,82.97,69.07,Medium,3.46,1.87,1,0.6,Medium,8,5.04,7.43,0.31,8,1,1.51,Easy,11,93,77,,8.92,81.66,B,Pass,High
STU_000130,14,Female,Public,Low,Suburban,74.71,,75.8,59.82,Medium,2.73,2.35,0,3.02,Medium,7,7.12,4.33,2.52,9,1,1.6,Medium,18,90,59,72.4,8.6,65.46,C,Pass,Medium
STU_000131,16,Female,Public,Low,Rural,74.29,2.85,80.51,62.54,Low,0.92,0.48,1,2.27,Medium,8,8.08,3.57,0.26,9,1,1.25,Easy,6,100,76,72.73,9.85,75.59,B,Pass,Medium
STU_000132,16,Other,Public,High,Suburban,78.3,3.17,96.83,72.25,Low,1.43,0.83,0,0.58,Medium,6,6.17,5.65,5.27,10,1,2.11,Medium,5,100,66,72.67,10,67.37,C,Pass,Medium
STU_000133,14,Female,Public,Low,Suburban,72.61,2.73,87.94,63.13,Medium,1.42,0.75,1,0.14,Low,5,5.65,7.3,2.78,10,1,0.68,Hard,30,98,43,,9.92,43.18,F,Fail,Low
STU_000134,16,Male,Charter,High,Rural,94,3.61,91.45,71.05,Low,0.65,0.34,1,3.55,Low,6,7.6,4.44,1.56,9,1,2.23,Easy,20,93,86,,7.23,91.62,A,Pass,High
STU_000135,18,Female,Private,Lower-Middle,Urban,89.05,3.58,82.99,72.84,Medium,4.89,2.67,1,0.74,Medium,9,6.89,5.05,5.68,10,1,4.38,Hard,13,99,77,69.34,8.8,80.3,B,Pass,High
STU_000136,15,Male,Public,Lower-Middle,Rural,51.78,2.08,95.75,78.35,Medium,4.12,3.68,0,2.8,Medium,9,6.75,7.6,2.87,10,1,0.34,Easy,3,95,44,71.43,8.21,46.37,F,Fail,Low
STU_000137,20,Female,Private,Low,Rural,68.27,2.8,89.81,59.66,High,2.72,2.05,1,0.82,Low,6,6.94,5.51,1.35,10,1,0.01,Easy,23,98,67,97.49,9.96,66.99,C,Pass,Medium
STU_000138,15,Male,Public,Low,Suburban,61.28,2.35,82.54,55.65,Medium,2.37,1.71,0,1.4,Low,2,6.52,3.6,0.43,10,1,2.64,Hard,30,87,30,81.96,10,34.48,F,Fail,Low
STU_000139,14,Female,Public,Upper-Middle,Suburban,64.39,2.76,,85.13,Medium,9.86,5.9,0,0.52,High,16,5.44,5.61,3.42,10,1,3.16,Hard,6,94,86,87.15,10,92.59,A,Pass,High
STU_000140,17,Female,Private,Lower-Middle,Suburban,65.21,2.89,,55.36,Medium,4.3,3.84,1,3.11,Medium,6,8.38,3.45,0.6,9,1,3.61,Easy,1,95,49,93.83,10,52.34,D,Pass,Low
STU_000141,20,Male,Private,Low,Urban,70.38,2.83,68.95,83.87,Low,4.05,2.45,1,4.53,Medium,10,7.84,2.88,1.97,10,1,7.49,Hard,25,94,57,72.05,10,57.8,D,Pass,Low
STU_000142,14,Male,Public,Lower-Middle,Urban,73.75,2.88,88.41,76.87,Low,3.52,1.79,0,1.82,High,6,6.5,4.71,11.54,8,1,1.22,Easy,26,93,59,65.26,9.54,65.96,C,Pass,Medium
STU_000143,17,Female,Public,Lower-Middle,Suburban,52.24,2.1,68.67,53.91,High,3.12,2.8,0,0.13,Medium,5,7.11,6.31,0.18,7,1,1.81,Medium,8,86,59,,6.93,68.44,C,Pass,Medium
STU_000144,15,Female,Charter,Middle,Rural,70.16,2.72,86.7,71.44,Medium,1.9,1.23,0,2.39,Medium,9,5.29,5.63,0.11,10,1,0.61,Hard,25,100,64,64.8,9.46,62.79,D,Pass,Medium
STU_000145,14,Female,Public,Lower-Middle,Suburban,100,3.94,85.23,70.32,High,1.46,0.96,0,0.68,Low,7,8.47,3.74,4.81,10,1,0.63,Medium,17,92,69,74.48,10,73.98,C,Pass,Medium
STU_000146,20,Female,Private,Low,Urban,80.55,3.27,79.32,65.67,High,0.97,0.64,0,6.3,Low,1,7.28,5.52,1.17,10,1,2.5,Medium,6,100,59,72.23,9.61,60.02,D,Pass,Medium
STU_000147,20,Male,Private,Middle,Urban,66.9,2.78,88.51,52.97,High,3.47,2.86,0,1.01,Low,5,6.34,5.05,0.86,10,1,3.14,Medium,19,96,65,100,10,65.99,C,Pass,Medium
STU_000148,19,Female,Private,Low,Rural,69.94,2.77,72.59,55.33,Low,2.95,1.71,0,0.35,Medium,2,5.9,5.68,0.06,10,1,1.71,Easy,23,91,55,81.8,10,58.73,D,Pass,Low
STU_000149,18,Male,Public,Low,Suburban,68.18,2.77,95.84,89.65,High,6.28,5.39,0,0.39,Medium,8,7.42,4.93,0.21,10,1,0.17,Easy,1,90,59,76.65,9.33,65.2,C,Pass,Medium
STU_000150,16,Male,Public,Lower-Middle,Suburban,49.18,2.21,79.88,84.84,Medium,7.96,6.37,1,3.79,Medium,10,8.95,4.96,1.72,10,1,0.15,Hard,12,98,52,100,9.35,56.15,D,Pass,Low
STU_000151,17,Male,Public,Middle,Urban,67.77,2.91,80.29,55.71,Medium,4.32,2.36,0,0.7,Medium,6,7.76,5.65,4.25,8,1,4.93,Medium,27,96,67,64.03,5.07,68.65,C,Pass,Medium
STU_000152,19,Female,Public,Middle,Urban,79.32,,92.24,68.11,Medium,0.5,0.29,1,0.01,Low,5,7.03,3.55,2.65,9,1,6.29,Hard,11,94,65,100,10,66.56,C,Pass,Medium
STU_000153,16,Female,Public,Lower-Middle,Urban,73.19,2.99,90.29,68.33,Medium,1.12,0.8,0,0.01,Medium,5,6.97,5.72,0.72,10,1,0.47,Medium,8,92,59,,10,63.48,D,Pass,Medium
STU_000154,16,Male,Private,Low,Urban,72.55,3.11,76.02,66.27,High,2.88,1.57,0,0.42,Low,3,5.4,6.33,7.44,8,1,0.4,Medium,8,100,57,80.69,8.55,56.57,D,Pass,Low
STU_000155,14,Male,Private,Low,Suburban,70.99,2.81,68.2,75.54,Medium,4.23,3.65,1,0.73,Medium,6,4.64,5.03,3.24,10,0,0.76,Medium,12,86,45,53.72,10,54.91,D,Pass,Low
STU_000156,16,Female,Private,Middle,Rural,69.45,2.62,89.22,80.45,Medium,3.45,1.83,1,0.35,Medium,7,7.4,2.32,0.62,10,0,1.01,Medium,26,88,65,78.93,9.06,73.68,C,Pass,Medium
STU_000157,18,Male,Public,Low,Suburban,54.6,2.27,83.11,71.9,Medium,3.13,1.64,1,0.52,Low,12,6.11,5.8,0.46,9,1,0.24,Medium,30,86,54,,8.48,61.9,D,Pass,Medium
STU_000158,20,Male,Public,Lower-Middle,Rural,76.38,3.03,72.11,68.71,Medium,6.33,3.41,0,2,Medium,7,8.41,6.3,0.53,8,1,0.18,Medium,2,86,52,74.69,10,60.29,D,Pass,Medium
STU_000159,19,Female,Public,Lower-Middle,Suburban,100,,78.5,67.99,High,0.81,0.45,0,2.67,Medium,4,5.97,3.56,12,10,1,9.94,Hard,7,87,48,,10,57.63,D,Pass,Low
STU_000160,16,Male,Public,Middle,Rural,67.59,2.59,81.94,66.64,Medium,1.85,1.52,0,4.82,Medium,6,6.13,4.56,1.99,8,1,1.29,Medium,15,92,50,94.65,6.95,54.47,D,Pass,Low
STU_000161,14,Male,Public,Low,Urban,67.82,2.96,,55.21,Medium,3.31,2.07,0,1.14,Medium,3,5.59,5.47,1.02,10,1,1.74,Medium,1,98,24,,10,25.65,F,Fail,Low
STU_000162,18,Female,Charter,Upper-Middle,Rural,69.09,2.98,,77.14,Medium,3.85,3.18,0,4.83,Medium,11,7.77,9.83,0.38,10,1,1.11,Easy,1,87,35,81.84,9.2,42.59,F,Fail,Low
STU_000163,15,Female,Private,Lower-Middle,Urban,61.19,,80.57,50.01,High,1.35,0.87,0,2.22,High,6,7.03,6.82,0.67,7,1,0.3,Easy,25,96,68,65.63,8.14,69.95,C,Pass,Medium
STU_000164,20,Male,Private,Middle,Suburban,75.88,2.86,82.67,84.89,Medium,4.27,2.78,0,0.73,Medium,4,7.93,6.28,0.24,8,0,7.27,Easy,19,91,87,70.17,9.45,95.84,A,Pass,High
STU_000165,20,Female,Private,Upper-Middle,Suburban,74.29,3.02,90.42,70.44,Medium,1.54,0.9,1,0.22,Medium,3,6.78,4.72,0.61,10,1,0.27,Easy,4,93,58,62.71,9.54,61.33,D,Pass,Medium
STU_000166,19,Female,Charter,Lower-Middle,Rural,87.27,3.58,93.06,80.55,High,2.24,1.75,0,0.57,Medium,3,7.61,8.15,2.47,10,1,8.63,Hard,6,96,60,97.02,10,62.32,D,Pass,Medium
STU_000167,20,Male,Public,Low,Urban,80.51,3.29,69.47,52.03,Low,3.44,2.35,0,0.83,Medium,5,6.61,6.6,0.68,10,0,1.02,Medium,8,91,66,100,9.1,73.45,C,Pass,Medium
STU_000168,16,Female,Public,High,Urban,98.62,4,,49.08,Low,3.86,2.71,0,1.78,High,4,5.85,4.26,9.27,10,0,1.92,Medium,14,86,59,56.79,8.6,69.51,C,Pass,Medium
STU_000169,14,Male,Public,Middle,Urban,61.64,2.46,79.58,38.28,Low,1.98,1.08,1,0.6,Low,4,6.13,9.44,1.49,7,0,3.99,Easy,19,97,57,68.08,7.19,56.37,D,Pass,Low
STU_000170,20,Female,Charter,Upper-Middle,Rural,59.9,2.36,87.2,62.73,Medium,2.11,1.81,0,0.43,Medium,6,6.1,5.23,4.1,10,1,1.59,Easy,18,88,48,69.6,10,53.73,D,Pass,Low
STU_000171,20,Male,Private,Lower-Middle,Rural,69.71,2.83,74.29,58.5,Medium,3.28,2.08,0,1.31,Low,6,7.33,4.27,5.37,10,1,5.59,Medium,18,89,62,,8.63,71.77,C,Pass,Medium
STU_000172,15,Female,Private,Lower-Middle,Urban,68.74,2.9,78.95,65.85,Medium,3.74,2.99,0,1.64,Medium,4,6.23,6.73,5.75,10,1,0.71,Easy,25,87,54,66.35,10,61.15,D,Pass,Medium
STU_000173,15,Female,Public,High,Urban,71.76,2.85,,93.74,Medium,4.52,3.62,1,2.67,Medium,9,5.54,4.44,1.43,10,0,2.7,Medium,6,100,57,62.28,9.95,56.46,D,Pass,Low
STU_000174,17,Male,Public,High,Rural,68.59,2.76,75.17,63.65,Low,7.39,5.69,0,6.3,High,5,6.5,3.03,1.04,10,1,0.03,Medium,27,98,67,78.39,9.88,65.39,C,Pass,Medium
STU_000175,18,Male,Private,Middle,Suburban,58.37,2.35,88.18,73.35,Low,2.32,1.22,0,0.91,High,4,6.65,6.78,0.71,10,0,3.58,Easy,29,87,45,78.32,8.13,52.63,D,Pass,Low
STU_000176,16,Female,Public,Upper-Middle,Urban,49.25,1.7,91.51,61.12,Medium,1.55,1.05,1,2.72,Low,2,7,7.19,1.9,10,0,8.29,Easy,16,87,41,91.41,9.98,46.56,F,Fail,Low
STU_000177,20,Female,Public,Low,Rural,74.32,2.99,85.64,65.91,Medium,2.35,1.59,0,0.94,Medium,6,6.4,6.78,0.01,10,1,1.74,Medium,8,98,54,81.58,10,52.69,D,Pass,Low
STU_000178,20,Female,Private,Lower-Middle,Urban,57.45,2.48,88.26,100,Low,9.51,6.41,0,1.94,Medium,15,6.9,5.99,5.62,10,1,6.49,Easy,27,90,90,68.28,10,100,A,Pass,High
STU_000179,14,Male,Public,Low,Rural,52.78,1.89,88.97,81.76,High,3.36,2.6,0,0.27,Low,7,4.33,3.72,0.09,10,1,1.16,Medium,10,89,41,71.04,10,45.9,F,Fail,Low
STU_000180,17,Male,Public,Low,Suburban,93.08,3.92,85.95,60.14,High,2.24,1.84,0,1.6,High,2,8.57,3.83,0.49,10,0,2.45,Medium,7,95,72,96.33,9.76,73.54,C,Pass,Medium
STU_000181,18,Male,Private,Upper-Middle,Urban,61.72,2.63,84.86,52.71,Low,0.98,0.68,1,2.34,High,6,4.35,4.87,0.48,10,1,0.47,Easy,14,97,40,36.92,9.81,43.84,F,Fail,Low
STU_000182,17,Female,Public,Middle,Rural,58.85,2.13,94.03,83.29,Medium,2.83,2.41,0,1.03,Medium,5,7.74,2.83,2.87,10,1,0.34,Medium,8,85,50,88.49,10,61.49,D,Pass,Medium
STU_000183,19,Female,Public,Middle,Urban,54.45,2.24,76.28,60.48,Medium,1.28,0.96,0,2.28,Medium,6,6.84,5.2,0,7,1,0.87,Easy,22,100,49,64.64,4.81,46.74,F,Fail,Low
STU_000184,18,Male,Public,Low,Rural,81.06,3.29,80.02,52.19,Low,2.25,1.88,0,0.65,High,7,8.22,8.71,0.4,7,1,5.11,Medium,5,87,71,89.27,9.54,82.99,B,Pass,High
STU_000185,20,Male,Public,Middle,Suburban,67.69,2.98,87.06,66.98,Medium,1.52,1.29,0,2.5,Low,1,6.17,5.45,5.71,10,1,9.88,Hard,1,93,13,69.67,8.96,12.56,F,Fail,Low
STU_000186,20,Female,Private,Low,Urban,54.92,2.19,,61.16,Medium,2.57,1.81,1,0.21,High,7,7.63,4.33,1.19,8,1,0.55,Medium,3,85,41,,9.86,47.44,F,Fail,Low
STU_000187,18,Female,Public,Middle,Suburban,61.43,2.27,73.38,54.33,Medium,1.84,1.24,0,0.53,Low,7,5.4,5.17,0.35,10,1,1.39,Medium,29,100,47,54.35,9.94,47.64,F,Fail,Low
STU_000188,20,Female,Private,Upper-Middle,Urban,87.32,3.51,78.89,81.04,Medium,8.06,6.67,0,1.72,Medium,10,6.93,6.25,3.87,8,1,4.12,Medium,19,97,83,82.25,10,85.82,A,Pass,High
STU_000189,16,Male,Private,Lower-Middle,Suburban,73.37,2.85,100,76.55,Medium,4.21,2.22,0,0.44,High,11,4.49,6.24,3.77,10,1,5.92,Medium,30,87,67,,10,77.44,B,Pass,Medium
STU_000190,18,Female,Public,Middle,Urban,70.11,2.8,74.08,62.61,High,1.54,1.2,1,1.12,Medium,3,5.25,2.9,1.6,9,1,3,Easy,10,92,57,72.57,10,58.99,D,Pass,Low
STU_000191,17,Male,Charter,Upper-Middle,Suburban,76.84,2.88,67.81,55.18,High,2.06,1.59,0,1.12,Low,6,7.37,1.26,4.59,9,1,6.22,Medium,11,85,61,100,9.37,69.22,C,Pass,Medium
STU_000192,18,Male,Public,High,Suburban,63.95,2.87,93.42,70.75,Medium,1.71,1.45,0,0.57,Medium,11,7.39,8.52,8.95,7,1,3.17,Medium,9,100,66,76.89,7.72,67.83,C,Pass,Medium
STU_000193,20,Male,Public,Lower-Middle,Urban,74.38,2.9,86.91,74.56,Medium,4.36,2.9,1,1.99,Medium,10,8.46,5.27,4.46,6,1,6.94,Easy,15,92,86,93.6,6.27,92.13,A,Pass,High
STU_000194,16,Female,Public,Lower-Middle,Suburban,77.72,3.17,89.6,78.59,Medium,4.01,3.33,1,4.36,Medium,3,5.26,3.97,10.68,9,1,1.98,Easy,17,91,63,67.48,6.24,66.89,C,Pass,Medium
STU_000195,16,Male,Private,Lower-Middle,Suburban,46.21,1.78,81.87,81.63,High,3.42,2.61,1,1.35,Medium,4,5.53,4.81,1.66,10,1,1.77,Hard,2,93,10,59.57,10,9.6,F,Fail,Low
STU_000196,19,Female,Private,Low,Urban,55.81,2.3,84.71,55.86,Low,1.29,1.02,0,1.12,High,5,6.16,5.8,2.6,8,1,0.95,Medium,24,93,54,81.67,8.11,57.4,D,Pass,Low
STU_000197,17,Female,Public,Middle,Suburban,54.08,2.16,79.74,49.84,Low,2.7,2.23,1,0.05,Medium,8,5.78,4.28,9.59,10,1,1.12,Hard,16,89,33,67.12,10,36.27,F,Fail,Low
STU_000198,15,Male,Public,Lower-Middle,Suburban,76.98,2.88,83.49,54.63,Medium,2.5,1.97,0,3.68,Medium,5,5.72,6.38,0.22,10,1,3.14,Medium,3,92,62,79.85,10,68.34,C,Pass,Medium
STU_000199,15,Female,Private,High,Rural,91.96,3.8,91.87,86.01,Low,3.07,2.65,0,0.65,Medium,5,8.42,4.15,0.88,8,1,1.4,Hard,6,90,68,87.98,5.22,72.18,C,Pass,Medium
STU_000200,18,Female,Private,Upper-Middle,Rural,82.25,3.37,,69.92,Medium,2.44,1.53,0,0.42,Medium,5,8.98,5.67,2.37,9,1,0.7,Easy,25,100,82,89.44,8,77.71,B,Pass,Medium
STU_000201,19,Male,Private,Middle,Urban,74.6,2.84,87.96,65.75,Medium,2.93,2.41,0,1.66,High,2,8.44,8.43,4.34,10,1,1.09,Medium,16,86,38,87.16,9.2,45.97,F,Fail,Low
STU_000202,14,Male,Private,Middle,Suburban,70.03,2.61,77.28,68.48,Medium,0.96,0.82,0,3.92,Medium,2,7.81,5.43,0.1,8,1,10.76,Medium,25,97,48,76.91,3.39,51.3,D,Pass,Low
STU_000203,18,Male,Private,Upper-Middle,Suburban,83.53,3.4,88.6,69.98,Medium,0.81,0.69,0,6.29,Medium,8,6.97,6.64,0.66,10,1,0.77,Easy,19,98,66,89.99,9.45,66.65,C,Pass,Medium
STU_000204,19,Male,Charter,Lower-Middle,Urban,56.03,2.46,79.91,59.86,Medium,3.75,3.24,0,0.97,Medium,10,9.79,6.56,0.6,10,1,2.22,Medium,30,97,47,66.96,10,49.95,F,Fail,Low
STU_000205,17,Male,Private,Upper-Middle,Suburban,67.76,2.56,72.27,67.79,Low,2.99,1.53,1,0.37,Medium,6,6.46,2.61,1.98,10,1,1.49,Easy,21,92,56,48.76,10,60.98,D,Pass,Medium
STU_000206,17,Female,Public,Low,Suburban,65.31,2.68,78.4,74.63,Medium,1.78,1.13,0,1.47,Medium,4,9.4,4.03,3.92,10,1,7.19,Easy,23,88,72,100,10,82.72,B,Pass,High
STU_000207,17,Male,Public,Low,Suburban,76.39,3.08,85.16,71.57,Low,4,3.52,0,0.13,Low,7,8.47,4.22,0.16,10,1,0.13,Medium,20,93,80,70.64,10,85.14,A,Pass,High
STU_000208,17,Female,Public,Middle,Urban,60.87,,78.16,86.37,Low,6.99,4.11,0,3.68,Medium,8,6.01,5.23,2.05,10,1,0.54,Medium,8,89,55,98.9,8.93,61.77,D,Pass,Medium
STU_000209,17,Female,Public,Middle,Suburban,72.81,,,71.46,Medium,4.97,3.94,0,0.01,High,7,5.86,6.73,1.3,9,1,3.79,Hard,30,90,51,56.82,7.63,57.57,D,Pass,Low
STU_000210,19,Female,Public,Middle,Urban,71.06,2.97,,71.82,Medium,3.47,2.33,0,0.2,Low,7,7.87,4.02,1.11,7,1,7.63,Medium,6,96,86,77.41,6.31,93,A,Pass,High
STU_000211,19,Female,Private,Middle,Urban,61.26,,71.4,66.17,Medium,2.07,1.7,0,4.75,Medium,3,6.01,3.95,0.22,10,1,0.62,Easy,9,86,31,62.9,8.71,38.44,F,Fail,Low
STU_000212,16,Female,Private,Lower-Middle,Urban,60.92,2.77,,67.87,Medium,2.53,1.65,0,3.02,High,8,8.25,4.93,0.43,10,1,5.58,Easy,13,87,49,87.31,9.02,57.37,D,Pass,Low
STU_000213,15,Female,Public,Lower-Middle,Suburban,84.65,3.57,86.61,68.43,Medium,1.73,1.41,1,2.4,High,4,6.86,3.26,3.47,8,1,1.48,Medium,20,96,71,75.55,10,74.18,C,Pass,Medium
STU_000214,20,Male,Public,Middle,Suburban,69.62,2.85,84.1,52.37,Medium,2.47,1.58,0,2.35,Medium,7,8.13,2.77,0.49,7,1,0.9,Medium,13,96,60,86.49,9.92,63.29,D,Pass,Medium
STU_000215,17,Male,Public,High,Urban,78.98,3.26,87.93,99,Low,8.35,6.88,0,0.63,Medium,5,4.92,6.14,0.74,10,1,1.77,Medium,16,99,67,63.85,8.87,67.24,C,Pass,Medium
STU_000216,14,Female,Public,Lower-Middle,Suburban,66.5,2.8,76.17,75.52,Medium,2.6,1.48,0,0.3,High,4,8.02,5.22,0.08,10,0,0.9,Easy,27,92,64,73.87,10,69.11,C,Pass,Medium
STU_000217,20,Female,Public,Middle,Suburban,74.31,2.97,90.05,60.76,High,2.62,2.13,1,1.58,Medium,12,5.96,6.73,2.32,10,1,1.4,Easy,26,85,74,,8.72,89.62,A,Pass,High
STU_000218,19,Female,Private,Upper-Middle,Urban,83.39,3.41,77.18,68.45,Low,1.9,1.28,0,8.01,High,2,7.98,5.8,1.25,9,1,0.25,Hard,4,87,47,84.92,8.59,55.7,D,Pass,Low
STU_000219,14,Female,Private,Middle,Suburban,49.72,1.58,93.6,68.21,High,1.38,0.76,1,0.41,Medium,2,9.55,5.86,11.01,6,1,2.48,Medium,6,93,44,85.68,6.56,44.55,F,Fail,Low
STU_000220,14,Male,Public,Upper-Middle,Urban,78.82,3.29,,59.46,Medium,1.93,1.28,0,7.45,Medium,9,6.74,2.04,1.11,10,1,1.62,Hard,14,88,53,90.9,9.71,60.5,D,Pass,Medium
STU_000221,14,Female,Private,Lower-Middle,Rural,77.09,,79.69,61.26,High,1.73,1.37,0,3.32,High,2,8.26,7.86,0.05,10,1,0.33,Medium,5,88,41,68.26,10,45.86,F,Fail,Low
STU_000222,16,Female,Charter,Middle,Urban,71.25,3.04,96.25,83.94,Medium,1.9,1.66,0,0.81,Medium,4,4.93,3.85,0.47,10,1,3.75,Easy,18,87,58,61.29,10,65.12,C,Pass,Medium
STU_000223,19,Female,Private,Upper-Middle,Urban,90.22,3.63,79.94,76.72,Low,6.27,4.35,1,1.37,High,11,7.73,5.53,3.16,8,1,1.77,Easy,9,96,90,99.44,8.43,94.49,A,Pass,High
STU_000224,14,Male,Public,Upper-Middle,Urban,85.48,3.53,81.17,79.26,Low,5,2.89,1,1.97,High,12,7.41,7.66,2.71,10,1,0.18,Hard,22,86,68,94.33,9.7,81.44,B,Pass,High
STU_000225,17,Male,Private,Middle,Urban,64.21,,91.93,70.14,Low,2.25,1.8,0,0.59,Medium,5,5.92,4.37,8.25,10,1,5.55,Medium,22,96,48,81.97,10,49.92,F,Fail,Low
STU_000226,18,Male,Private,Low,Rural,63.91,2.78,97.3,88.99,Low,11.95,10,0,1.87,Medium,8,5.05,2.2,2.64,10,1,4.32,Medium,15,95,86,68.77,10,88.91,A,Pass,High
STU_000227,14,Male,Public,Middle,Suburban,67.19,2.73,84.29,72.01,High,3.55,1.92,0,0.1,Medium,7,5.68,5.02,4.1,10,1,2.03,Medium,2,97,48,70.12,10,50.78,D,Pass,Low
STU_000228,16,Male,Private,Lower-Middle,Rural,55.86,2.33,84.95,79.39,Medium,2.17,1.45,0,5.11,High,3,6.97,3.63,1.46,7,1,1.49,Easy,13,98,73,75.32,7.63,74.37,C,Pass,Medium
STU_000229,20,Male,Private,Low,Urban,66.45,3.05,,63.54,Medium,4.22,3.36,1,0.02,Medium,8,9.64,4.88,0.31,10,1,0.55,Medium,11,99,62,100,10,63.01,D,Pass,Medium
STU_000230,19,Female,Private,Upper-Middle,Urban,87.85,3.31,83.25,74.72,Medium,4.41,2.47,1,2.28,Medium,4,6.97,5.31,3.92,8,0,1.05,Easy,4,86,67,83.54,7.16,80.9,B,Pass,High
STU_000231,16,Female,Public,High,Urban,82.68,3.22,82.49,80.32,Medium,8.19,4.39,0,0.39,Medium,7,8.76,8.8,1.17,10,1,6.74,Easy,25,93,90,80.3,9.6,92.81,A,Pass,High
STU_000232,14,Female,Public,Upper-Middle,Urban,87.92,3.59,100,84.04,Low,5.18,3.12,0,0.6,Medium,3,7.03,4.02,4.4,8,1,6.91,Medium,25,97,75,,7.5,76.02,B,Pass,Medium
STU_000233,19,Female,Public,High,Suburban,72.32,3,98.73,64.31,Medium,3.23,2.69,0,0.29,Medium,3,7.87,5.32,4.02,10,1,3.69,Hard,8,95,54,59.92,9.81,56.18,D,Pass,Low
STU_000234,18,Female,Public,Low,Urban,77.73,3.34,68.36,66.2,Medium,4.23,2.18,0,5.96,Medium,3,8.34,1.52,0.86,10,1,1.55,Hard,6,85,51,84.88,10,63.27,D,Pass,Medium
STU_000235,14,Male,Public,Middle,Urban,94.51,3.79,72.79,74.99,Medium,7.1,4.03,0,11.72,Low,10,6.22,5.93,3.04,10,1,1.16,Medium,4,97,78,53.68,10,81.75,B,Pass,High
STU_000236,16,Female,Private,Middle,Suburban,72.91,3.1,97.17,80.51,Medium,5.01,4.04,0,3.61,Medium,9,7.84,5.55,0.54,9,0,0.09,Hard,16,93,75,76.23,9.14,81.18,B,Pass,High
STU_000237,15,Male,Public,High,Urban,82.64,3.18,91.42,65.75,Medium,0.72,0.57,0,1.97,Medium,3,8.04,3.71,0.76,9,1,3.6,Medium,7,97,51,67.22,10,53.16,D,Pass,Low
STU_000238,17,Female,Private,Middle,Suburban,61.14,2.74,68.32,74.9,Medium,2.31,1.54,0,3.01,High,5,8.45,3.64,1.83,9,1,3.69,Medium,29,93,53,63.22,10,57.59,D,Pass,Low
STU_000239,20,Female,Public,Upper-Middle,Suburban,73.35,2.89,75.67,49.33,Low,0.68,0.42,1,1.89,High,7,6.64,4.74,2.82,8,1,4.61,Medium,3,96,46,56.04,6.35,49.28,F,Fail,Low
STU_000240,16,Male,Public,Lower-Middle,Suburban,62.27,2.75,81.4,51.32,Medium,1.35,1.07,1,2.26,Medium,3,8.28,6.68,1.3,10,1,1.92,Medium,1,85,21,74.43,7.93,26.48,F,Fail,Low
STU_000241,19,Male,Private,Middle,Rural,83.69,3.22,95.87,79.85,High,2.19,1.86,0,2.98,High,6,5.51,4.79,4.86,9,1,7.79,Hard,1,88,28,51.58,9.53,31.72,F,Fail,Low
STU_000242,14,Female,Charter,Lower-Middle,Suburban,55.69,2.54,,71.79,High,3.51,2.08,0,3.24,Medium,4,7.5,6.84,10.06,10,1,2.17,Medium,14,100,34,81.38,10,34.57,F,Fail,Low
STU_000243,17,Male,Public,Lower-Middle,Rural,86.72,3.28,84.77,70.57,Medium,5.1,4.35,0,0.23,High,8,7.24,4.46,1.99,10,1,9.15,Easy,19,99,96,,10,97.55,A,Pass,High
STU_000244,14,Female,Private,High,Suburban,84.2,3.3,94.69,73.95,Medium,3.26,1.66,0,0.15,Medium,3,6.55,5.36,2.59,10,1,1.79,Medium,8,90,67,67.04,10,72.74,C,Pass,Medium
STU_000245,19,Female,Private,Lower-Middle,Rural,67.38,2.81,75.34,54.49,Low,1.57,1,1,1.14,High,8,8.95,6.52,6.48,10,1,2.81,Medium,6,90,35,84.57,10,38.55,F,Fail,Low
STU_000246,14,Male,Public,Middle,Urban,70.8,2.78,,76.06,Medium,6.11,5.04,0,1.33,Low,4,6.14,2.99,0.53,8,1,3.85,Medium,23,88,66,66.27,10,76.78,B,Pass,Medium
STU_000247,15,Male,Charter,Lower-Middle,Urban,67.78,2.48,90.14,72.65,Medium,3.5,2.68,0,4.77,High,6,6.94,3.23,2.01,10,1,3.2,Hard,20,93,50,98.05,8.59,55.66,D,Pass,Low
STU_000248,17,Female,Private,Upper-Middle,Suburban,64.76,2.72,82.07,85.97,Medium,9.78,7.95,0,0.01,Medium,13,5.75,3.91,0.42,9,1,3.07,Medium,10,86,69,,9.33,79.55,B,Pass,Medium
STU_000249,17,Male,Public,Middle,Suburban,63.71,2.55,,84.21,High,4.6,3.06,0,3.75,Low,7,6.15,4.09,1.13,10,1,12.02,Medium,28,91,71,66.65,9.24,76.96,B,Pass,Medium
STU_000250,19,Male,Public,Upper-Middle,Urban,78.01,3.17,88.17,71.96,High,2.28,1.37,0,2.35,Medium,3,4.91,6,0.7,8,1,2.23,Medium,28,90,50,69.14,8.68,56.2,D,Pass,Low
STU_000251,20,Female,Public,Middle,Suburban,73.09,2.86,96.63,80.99,Medium,2.88,2.42,1,0.37,High,6,6.52,6.01,2.63,9,1,1.49,Medium,25,96,70,62.26,7.6,72.79,C,Pass,Medium
STU_000252,15,Female,Private,Upper-Middle,Urban,40.57,1.49,,71.37,Medium,3.46,1.74,0,0.82,Medium,6,8.01,7.43,0.77,10,1,3.74,Medium,27,90,48,74.32,10,53.88,D,Pass,Low
STU_000253,16,Male,Charter,Middle,Urban,70.72,2.82,79.72,73.03,High,5.2,3.62,0,0.87,Medium,10,8.69,3.44,2.28,10,1,3.97,Medium,10,89,71,92.67,8.52,79.69,B,Pass,Medium
STU_000254,14,Male,Private,Lower-Middle,Urban,77.86,3.21,76.52,50.32,High,0.92,0.78,1,0.72,Low,8,7.04,6.01,0.6,10,1,1.07,Medium,8,94,47,,10,52.09,D,Pass,Low
STU_000255,18,Female,Private,High,Urban,89.24,3.46,94.76,77.86,Medium,6.56,3.44,0,2.62,Medium,12,8.02,6.8,1.56,10,1,8.3,Hard,26,100,89,,9.79,87.76,A,Pass,High
STU_000256,14,Female,Public,Middle,Urban,70.93,,93.09,69.59,Low,1.87,1.16,1,2.78,Low,1,8.73,7.46,0.18,9,1,1.44,Easy,20,99,74,79.08,10,75.01,B,Pass,Medium
STU_000257,14,Male,Public,Middle,Rural,83.85,3.37,74.91,74.91,Medium,2.3,1.95,1,1.13,Medium,3,7.86,4.1,1.43,8,1,1.28,Easy,9,95,65,,6.91,68.64,C,Pass,Medium
STU_000258,16,Male,Public,Low,Suburban,72.65,,76.17,85.53,Medium,1.95,1.37,0,1.43,Low,8,7.68,5.82,1.81,8,1,6.36,Hard,4,97,34,90.97,9.36,35.77,F,Fail,Low
STU_000259,14,Female,Public,Middle,Suburban,60.87,2.79,88.38,87.48,Medium,6.61,3.52,0,9.5,Low,9,8.55,7.23,8.12,10,1,7.41,Medium,14,91,68,80.82,10,74.33,C,Pass,Medium
STU_000260,15,Female,Private,Middle,Suburban,78.28,3.15,,78.37,High,1.84,1.34,1,2.33,Medium,5,6.08,6.68,2.56,8,1,3.1,Medium,27,99,60,88.92,6.4,57.72,D,Pass,Low
STU_000261,15,Male,Public,Lower-Middle,Urban,47.48,1.86,70.39,45.98,Low,5.35,4.77,0,1.36,High,9,7.78,1.87,2.62,9,1,1.24,Medium,7,93,38,94.22,8.93,41.89,F,Fail,Low
STU_000262,17,Female,Public,Low,Suburban,62.16,2.7,77.57,82.96,High,2.53,2.06,0,0.99,Low,4,7.94,4.02,0.36,8,1,0.89,Hard,23,87,44,81.61,8.88,48.92,F,Fail,Low
STU_000263,19,Male,Private,High,Urban,83.13,3.34,90.03,72.54,Low,2.7,2.27,0,0.51,High,11,8.33,7.77,0.49,10,1,10.19,Easy,12,98,98,62.81,8.15,100,A,Pass,High
STU_000264,20,Male,Public,Lower-Middle,Suburban,63.1,2.38,81.69,73.46,Medium,2.65,1.51,0,1.03,Medium,5,5.49,5.03,4.69,8,1,2.29,Medium,20,94,59,67.92,8.02,62.3,D,Pass,Medium
STU_000265,18,Female,Public,High,Urban,65.96,2.57,80.62,67.55,High,1.22,0.9,0,1.1,Low,4,7.99,5.63,0.23,7,1,0.52,Hard,3,99,42,54.73,6.74,42.59,F,Fail,Low
STU_000266,14,Female,Public,Middle,Suburban,79.06,3.1,84.25,60.34,Medium,4.27,3.27,0,3.31,High,8,9.09,6.76,0.62,10,1,2.64,Easy,4,92,78,80.3,10,86.3,A,Pass,High
STU_000267,14,Female,Private,Low,Urban,74.22,3.04,91.26,69.61,Low,4.6,3.86,0,11.17,Medium,4,9.17,6.01,4.13,6,1,0.05,Medium,10,91,91,,5.29,99.3,A,Pass,High
STU_000268,16,Female,Private,Middle,Suburban,83.68,3.32,,69.43,High,3.48,2.16,0,4.12,Medium,5,8.59,5.41,2.78,10,0,1.08,Medium,18,97,67,83.03,8.3,72.42,C,Pass,Medium
STU_000269,19,Female,Private,Lower-Middle,Urban,63.51,,81.32,60.51,Medium,2.11,1.81,1,0.45,Medium,11,7.06,4.32,3.55,10,1,2.42,Easy,11,87,54,,9.29,60.53,D,Pass,Medium
STU_000270,15,Female,Charter,Low,Suburban,63.94,2.66,,82.9,Medium,4.9,3.23,0,0.22,Medium,6,7.35,5.76,4.24,10,1,0,Medium,22,85,55,76.47,10,61.98,D,Pass,Medium
STU_000271,18,Female,Public,Upper-Middle,Urban,54.9,2.15,93.75,63.4,Medium,5.1,4.53,1,0.39,Low,4,6.24,6.08,2.24,10,1,0.11,Easy,29,88,66,76.56,10,73.94,C,Pass,Medium
STU_000272,17,Female,Charter,Upper-Middle,Urban,78.45,3.35,100,80.72,High,6.84,5.59,0,1.61,Medium,11,7.34,4.7,1.73,9,1,0.61,Medium,19,93,82,83.29,7.93,89.61,A,Pass,High
STU_000273,15,Female,Private,High,Suburban,65.77,2.94,97.73,65.97,Low,3.65,3.18,1,0.77,High,8,7.86,5.24,3.56,10,1,7.65,Hard,27,86,52,100,8.21,60.18,D,Pass,Medium
STU_000274,19,Female,Public,Lower-Middle,Suburban,76.68,2.84,89.46,69.52,High,4,2.09,0,0.25,High,2,7.6,5.78,1.69,8,1,1.04,Easy,16,99,90,84.19,7.39,90.54,A,Pass,High
STU_000275,20,Female,Private,Middle,Rural,86.12,3.45,75.27,74.89,Low,4.11,3.54,1,0.11,High,8,7.25,4.3,1.33,7,1,9.08,Easy,15,92,86,,6.16,95.08,A,Pass,High
STU_000276,17,Male,Charter,High,Urban,74.85,2.87,85.41,64.01,High,3.52,2.9,0,0.02,High,4,7.43,3.59,9.49,9,1,8.22,Medium,3,89,52,87.8,9.54,55.79,D,Pass,Low
STU_000277,20,Female,Public,Upper-Middle,Urban,71.48,2.81,70.36,62.98,Medium,3.04,1.52,1,3.87,Medium,5,9.69,2.77,0.33,10,1,5.66,Medium,21,100,59,,8.2,58.73,D,Pass,Low
STU_000278,16,Female,Private,High,Rural,64.31,2.45,85.43,78,Medium,4.13,2.95,0,1.18,Medium,8,9.16,7.71,0.53,10,1,8.66,Medium,23,98,58,65.09,9.35,59.24,D,Pass,Low
STU_000279,16,Male,Public,Upper-Middle,Urban,69.62,2.99,76.3,64.46,Low,4.19,2.16,0,4.2,Medium,14,8.76,8.35,2.84,10,1,0.09,Medium,22,86,60,72.43,8.36,72.48,C,Pass,Medium
STU_000280,14,Male,Private,Lower-Middle,Suburban,54.09,2.44,75.87,73.34,Low,1.23,0.62,1,2.89,Medium,3,5.36,4.01,3.66,10,1,0.04,Medium,13,93,38,75.14,10,43.29,F,Fail,Low
STU_000281,20,Male,Private,Lower-Middle,Suburban,53.59,2.01,75.18,69.35,Low,3.38,2.27,1,0.2,High,8,8.26,3.43,0.09,8,1,7.81,Medium,29,99,59,88.06,10,58.45,D,Pass,Low
STU_000282,19,Male,Public,Middle,Rural,76.41,3.11,72.66,75.17,High,4.61,3.27,0,0.12,Medium,4,8.54,6.94,0.01,10,1,0.15,Medium,22,93,65,98.21,6.59,70.86,C,Pass,Medium
STU_000283,18,Male,Public,Middle,Rural,49.07,1.87,84.93,72.3,Low,0.76,0.47,0,0.31,High,3,5.84,4.27,1.27,10,1,4.52,Easy,27,90,36,53.43,10,41.59,F,Fail,Low
STU_000284,17,Female,Public,High,Suburban,73.9,3.04,85.98,100,High,11.04,7.88,0,0.35,Medium,13,6.86,4.4,2.7,10,1,3.13,Medium,1,93,80,100,10,85.27,A,Pass,High
STU_000285,15,Male,Private,High,Urban,87.72,3.56,73.05,58.23,Medium,3.23,2.33,0,1.58,Medium,7,4.82,3.83,1.14,10,1,2.26,Hard,18,94,64,,10,65.28,C,Pass,Medium
STU_000286,19,Male,Public,Low,Urban,74.37,,71.72,55.22,Medium,3.48,2.37,0,6.23,Low,4,8.32,5.41,0.24,10,0,0.88,Medium,8,96,55,90.79,10,57.38,D,Pass,Low
STU_000287,19,Male,Public,Low,Rural,48.44,1.86,87.46,54.73,Medium,2.56,1.95,0,1.8,Low,7,5.44,6.17,4.97,8,1,6.09,Hard,24,94,48,69.5,3.34,53.25,D,Pass,Low
STU_000288,16,Male,Public,Middle,Suburban,75.75,2.75,87.98,71.33,Medium,4.74,3.03,0,1.36,Medium,6,8.03,6.47,0.55,7,1,9.28,Medium,25,93,63,61.54,7.21,70.35,C,Pass,Medium
STU_000289,20,Male,Public,Lower-Middle,Urban,67.54,2.74,71.84,52.4,Medium,3.43,1.94,0,1.4,Medium,4,6.95,5.51,3.66,10,1,1.19,Medium,6,95,36,73.04,9.55,38.89,F,Fail,Low
STU_000290,14,Male,Public,Lower-Middle,Suburban,87.25,3.4,93.43,65.32,Low,1.94,1.09,0,3.08,Medium,8,8.44,8.93,1.47,7,1,2.72,Hard,8,88,67,,8.09,75.95,B,Pass,Medium
STU_000291,14,Female,Public,Low,Suburban,50.32,2.11,64.59,62.54,High,3.45,1.75,0,1.54,Low,6,8.19,4.77,4.79,9,1,0.52,Medium,17,90,55,98.69,8.54,60.74,D,Pass,Medium
STU_000292,17,Male,Private,Lower-Middle,Suburban,87.54,3.53,74.06,57.38,High,1.72,0.86,0,1.4,Low,5,8.01,4.38,0.4,10,1,3.66,Easy,13,99,77,,9.41,79.52,B,Pass,Medium
STU_000293,16,Female,Public,Low,Urban,59.53,2.52,75.12,76.1,High,2.62,2.11,0,0.35,High,6,7.39,5.47,1.61,10,0,9.76,Medium,24,87,45,81.03,10,50.85,D,Pass,Low
STU_000294,19,Female,Public,High,Suburban,76.09,2.85,90.34,77.21,High,4.78,4.29,1,0.78,Medium,5,5.8,6.01,2.58,8,1,4.46,Hard,22,88,40,61.9,8.41,47.06,F,Fail,Low
STU_000295,18,Female,Charter,Middle,Suburban,59.42,2.59,92.73,61.96,Low,1.31,1.09,1,0.62,Medium,5,3,4.94,12,10,1,6.9,Medium,25,89,35,76.73,10,40.73,F,Fail,Low
STU_000296,16,Male,Private,Low,Suburban,65.46,2.64,87.33,60.62,Low,2.41,1.47,0,1.69,High,5,6.74,6.28,4.01,8,1,2.46,Hard,1,93,28,67.86,10,28.57,F,Fail,Low
STU_000297,17,Male,Public,Low,Urban,84.03,3.66,,66.99,High,3.4,1.75,0,1.68,Low,8,8.19,4.71,1.04,9,1,3.39,Medium,30,98,77,70.25,8.13,79.7,B,Pass,Medium
STU_000298,17,Female,Public,High,Urban,74.66,2.83,88.42,72.48,Medium,5.7,3.24,0,1.56,Medium,7,8,6.36,0.27,10,1,1.23,Medium,23,100,80,77.9,8.67,81.63,B,Pass,High
STU_000299,16,Female,Private,Middle,Suburban,55.89,2.38,91.97,70.61,Medium,3.01,2.48,0,1.04,Medium,9,6.55,2.51,4.25,10,1,0.25,Easy,12,91,69,88.67,6.3,76.49,B,Pass,Medium
STU_000300,17,Male,Charter,Upper-Middle,Urban,64.11,2.58,,55.54,Medium,1.55,1.38,0,1.84,High,4,7.62,2.81,5.2,10,1,1.09,Easy,6,90,51,75.34,7.37,57.01,D,Pass,Low
STU_000301,16,Male,Charter,Low,Suburban,64.96,2.52,86.52,88.06,High,5.07,4.12,0,1.23,Medium,9,5.34,3.14,0.6,10,0,0.32,Hard,6,92,53,,10,57.97,D,Pass,Low
STU_000302,15,Male,Private,High,Suburban,74.69,3.22,97.41,90.42,High,2.47,2.22,0,0.85,Medium,5,8.85,3.92,0.08,9,1,7.53,Hard,2,94,52,94.03,10,53.81,D,Pass,Low
STU_000303,16,Male,Private,Lower-Middle,Urban,74.74,2.88,91.6,78.23,Low,2.93,1.55,0,0.05,Low,8,6.44,7.7,1.57,7,1,0.87,Medium,7,85,63,65.75,3.71,75.08,B,Pass,Medium
STU_000304,20,Female,Private,Middle,Urban,74.99,3.14,,79.66,High,2.12,1.43,0,1.27,Medium,5,6.54,3.97,4.86,10,1,1.26,Easy,14,89,72,85.79,10,81.1,B,Pass,High
STU_000305,16,Female,Public,Lower-Middle,Urban,68.96,2.7,89.73,58.85,Medium,2.34,1.38,0,2.32,Medium,3,6.64,5.99,0.57,9,1,1.32,Easy,30,89,63,82.48,9.35,72.64,C,Pass,Medium
STU_000306,17,Female,Private,Upper-Middle,Rural,40.64,1.55,73.85,55.5,Medium,3.21,2.85,0,5.3,Medium,5,5.27,4.35,9.3,10,1,0.64,Medium,21,95,24,82.22,9.98,26.85,F,Fail,Low
STU_000307,20,Male,Private,Lower-Middle,Urban,47.36,2.15,87.41,64,Medium,4.45,2.26,0,6.19,Medium,6,6.67,5.91,2.09,7,1,2.05,Medium,4,85,42,70.31,8.56,46.51,F,Fail,Low
STU_000308,17,Female,Private,Upper-Middle,Urban,75.73,2.92,83.59,79.14,Low,2.12,1.32,0,2.97,Medium,5,6.66,6.43,2.11,10,1,7.92,Hard,30,91,51,100,9.97,51.27,D,Pass,Low
STU_000309,14,Male,Charter,Lower-Middle,Suburban,66.21,2.49,74.52,56.96,High,1.62,1.31,1,0.84,High,3,4.3,6.72,2.6,9,0,0.32,Hard,1,96,16,70.33,8.95,12.74,F,Fail,Low
STU_000310,14,Female,Public,Upper-Middle,Urban,77.27,2.88,81.4,63.73,Medium,1.68,1.39,0,1.94,Medium,6,6.48,5.35,4.49,10,1,2.07,Hard,11,91,41,49.1,8.22,43.04,F,Fail,Low
STU_000311,20,Male,Public,Upper-Middle,Rural,52.48,1.98,83.8,84.44,Low,5.57,3.13,0,2.19,Low,7,6.68,8.41,0.6,10,1,8.84,Medium,11,92,55,64.13,10,60.53,D,Pass,Medium
STU_000312,15,Female,Public,Middle,Rural,98.48,,79.12,78.54,Medium,6.07,4.72,0,1.37,Low,3,5.89,3.42,0.92,10,1,0.59,Medium,29,86,76,65.29,9.63,87.7,A,Pass,High
STU_000313,14,Female,Public,Low,Suburban,74.66,3.21,84.44,72.53,Low,5.13,4.56,1,3.99,Medium,3,6.4,7.88,3.36,8,1,4.01,Medium,5,97,80,69.03,8.53,82.13,B,Pass,High
STU_000314,16,Male,Public,Middle,Urban,66.96,2.47,92.31,71.08,Medium,5.15,2.8,0,3.63,Low,6,5.84,2.21,3.07,10,1,2.87,Easy,25,91,54,79.49,10,60.3,D,Pass,Medium
STU_000315,17,Other,Private,Lower-Middle,Suburban,67.35,2.69,84.9,48.59,High,1.45,0.73,0,1.3,Medium,7,7.1,7.72,10.37,10,1,2.06,Hard,22,86,32,,8.99,36.68,F,Fail,Low
STU_000316,14,Female,Public,Middle,Suburban,79.65,,82.6,69.21,Medium,4.21,3.63,0,0.81,Medium,7,6.26,7.23,0.09,10,1,10.95,Medium,28,88,56,35.7,10,63.31,D,Pass,Medium
STU_000317,14,Male,Private,Low,Urban,99.42,3.93,84.03,77.67,Medium,2.1,1.57,1,1.35,Medium,7,5.8,8.53,5.64,10,1,0.85,Hard,5,97,58,88.52,7.69,61.79,D,Pass,Medium
STU_000318,15,Female,Public,Middle,Rural,65.7,2.51,80.68,62.48,Low,2.85,2.32,0,1.09,Medium,11,6.87,9.08,0.81,10,1,4.2,Medium,27,100,68,86.68,10,68.01,C,Pass,Medium
STU_000319,20,Female,Public,Low,Urban,90.09,3.49,,56.8,Medium,3.47,2.68,0,0.17,Low,6,7.85,6.36,12,7,1,1.14,Medium,5,86,74,,6.11,88.33,A,Pass,High
STU_000320,20,Female,Public,Lower-Middle,Urban,90.32,3.9,84.33,78.6,Medium,3.44,2.51,0,0.25,Medium,8,7.35,3.26,0.92,10,1,3.28,Hard,22,100,72,100,10,71.4,C,Pass,Medium
STU_000321,19,Female,Public,Low,Urban,68.44,2.57,76.6,70.11,Low,1.42,1.09,0,4.87,Medium,2,8.03,4.86,5.81,8,1,4.94,Easy,18,99,51,79.54,7.84,49.5,F,Fail,Low
STU_000322,15,Female,Public,Middle,Suburban,90.75,3.67,91.63,64.37,Medium,2.67,2.05,0,1.84,Medium,4,7.52,2.53,3.93,10,1,2.6,Medium,13,97,88,92.35,8.45,88.79,A,Pass,High
STU_000323,16,Male,Charter,Lower-Middle,Suburban,79.49,3.17,99.82,88.54,Medium,2.84,1.67,0,0.45,Low,6,6.77,5.17,2,10,1,1.18,Hard,16,92,46,,10,50.7,D,Pass,Low
STU_000324,20,Male,Private,High,Urban,87.68,3.34,94.3,71.09,Low,1.97,1.2,0,2.23,Low,1,6.12,9.66,4.77,10,1,6.04,Hard,27,96,48,92.58,10,52.5,D,Pass,Low
STU_000325,17,Other,Public,Lower-Middle,Suburban,62.08,2.48,74.35,63.93,Medium,2.96,2.6,0,0.17,High,2,7.44,5.93,1.01,10,0,0.23,Medium,9,99,40,61.41,10,40.84,F,Fail,Low
STU_000326,15,Female,Charter,Middle,Rural,55.86,2.13,91.64,83.86,Medium,1.85,1.25,1,0.68,Low,4,9.39,2.07,0.04,7,1,0.41,Hard,18,85,38,74.09,8.86,41.44,F,Fail,Low
STU_000327,14,Male,Public,Lower-Middle,Rural,75.05,2.66,89.64,43.84,Medium,2.34,1.52,1,2.32,High,3,6.96,3.07,1.68,10,1,0.78,Easy,22,98,62,78.99,10,64.23,D,Pass,Medium
STU_000328,17,Female,Public,High,Suburban,64.22,2.69,99.27,61.8,High,3.97,2.56,0,1.88,Medium,5,5.24,2.53,0.29,10,1,1.66,Hard,3,100,46,92.61,8.21,46.33,F,Fail,Low
STU_000329,17,Male,Public,Lower-Middle,Urban,71.86,3.08,87.47,90.03,Low,2.43,2.11,0,2.93,Medium,2,6.16,3.32,1.3,10,1,0.32,Medium,11,88,54,85.69,10,65.32,C,Pass,Medium
STU_000330,14,Male,Private,Middle,Urban,89.98,3.73,87.08,55.55,Low,3.77,2.16,0,2.34,High,4,5.57,3.36,1.94,10,1,3.59,Easy,16,98,90,,8.26,90.09,A,Pass,High
STU_000331,15,Female,Private,Upper-Middle,Urban,64.78,2.54,100,74.23,Medium,2.9,2.24,1,8.82,Medium,3,8.04,2.6,4.9,6,1,2.75,Medium,9,89,52,65.77,5.35,59.72,D,Pass,Low
STU_000332,14,Male,Public,Middle,Urban,68.09,2.78,91.27,86.42,High,5,2.69,1,1.22,Medium,4,8.97,5.68,2.1,7,1,4.09,Easy,30,90,73,,5.22,82.07,B,Pass,High
STU_000333,19,Male,Charter,Middle,Urban,82.94,3.14,72.51,65.74,Medium,8.5,7.03,0,1.13,Medium,7,5.71,5.58,0.11,10,1,2.98,Easy,7,93,73,74.45,10,80.61,B,Pass,High
STU_000334,17,Female,Private,Middle,Rural,83.93,3.54,81.17,57.92,High,2.99,2.33,0,1.68,High,5,5.36,7.02,3.19,10,1,3.99,Hard,20,98,54,,7.48,56.51,D,Pass,Low
STU_000335,18,Male,Public,Lower-Middle,Urban,66.36,2.51,95.78,82,Medium,7.65,6.71,0,1.83,High,10,6.03,2.43,1.71,10,1,4.47,Medium,16,97,76,72.93,9.55,80.49,B,Pass,High
STU_000336,18,Male,Private,Middle,Suburban,94.23,3.83,94.77,62.34,Medium,2.89,1.66,0,0.31,Medium,3,5.62,2.05,0.06,10,1,0.27,Medium,7,85,66,72.89,10,79.06,B,Pass,Medium
STU_000337,16,Female,Private,High,Rural,90.29,3.4,90.01,88.83,Medium,6.26,3.19,0,0.66,Medium,6,7.67,5.11,1.04,10,1,1.33,Medium,30,88,86,57.6,10,100,A,Pass,High
STU_000338,20,Male,Public,Middle,Urban,58.15,2.42,93.06,63.04,Medium,1.25,0.85,0,0.16,Low,8,5.36,8.14,0.23,10,1,1.81,Easy,23,100,63,90.36,8.43,62.42,D,Pass,Medium
STU_000339,14,Female,Charter,Low,Suburban,66.25,2.66,,73.86,Low,0.62,0.32,1,3.92,High,4,6.46,5.99,3.74,10,1,2.63,Easy,13,86,52,76.78,9.44,59.2,D,Pass,Low
STU_000340,14,Male,Private,Middle,Rural,62.03,2.49,,52.03,Low,0.97,0.78,0,5.95,Medium,5,6.35,4.84,1.24,10,1,5.72,Medium,21,93,55,80.02,9.21,61.25,D,Pass,Medium
STU_000341,16,Female,Private,Middle,Urban,91.07,3.81,86.45,75.1,Low,1.2,0.63,0,1.22,Medium,3,6.92,5.47,7.13,10,1,0.43,Medium,23,88,55,78.6,10,66.25,C,Pass,Medium
STU_000342,16,Female,Charter,Middle,Urban,79.32,3.1,,57.63,Medium,2.14,1.39,0,0.36,Low,5,7.71,6.15,1.87,10,1,2.98,Medium,6,93,54,,10,59.57,D,Pass,Low
STU_000343,16,Female,Public,Lower-Middle,Urban,73.37,2.99,,69.94,High,3.69,2.43,1,0.83,High,1,7.63,6.38,1.18,10,1,0.46,Hard,16,99,72,70.79,10,72.77,C,Pass,Medium
STU_000344,17,Male,Public,Lower-Middle,Rural,92.88,3.62,81.32,66.49,High,0.83,0.59,1,1.57,Low,1,7.3,7.02,0.29,8,1,0.98,Medium,20,100,82,78.45,7.84,85.95,A,Pass,High
STU_000345,19,Male,Private,Middle,Urban,85.5,3.16,80.15,63.83,Medium,0.77,0.59,0,2.35,Medium,4,7.43,5.33,0.18,10,1,3.57,Easy,2,94,64,83.45,9.16,69.06,C,Pass,Medium
STU_000346,14,Male,Public,Lower-Middle,Urban,52.91,2.32,100,64.36,Medium,1.1,0.59,1,1.14,Medium,1,6.03,6.34,1.67,10,1,15.24,Medium,17,94,32,71.21,10,33.85,F,Fail,Low
STU_000347,17,Female,Private,Low,Rural,48,1.74,80.58,81.48,Low,6.85,4.03,0,0.27,High,12,6.8,5.91,2.41,10,0,4.66,Hard,6,95,48,81.07,10,49.56,F,Fail,Low
STU_000348,16,Male,Public,Middle,Urban,70.45,2.83,89.52,95.97,High,6.31,4.56,0,1.31,Medium,7,6.18,6.23,0.8,9,1,0.03,Easy,19,86,81,92.48,9.44,93.69,A,Pass,High
STU_000349,14,Male,Public,Lower-Middle,Rural,68.25,2.56,86.84,83.69,Medium,3.93,2.3,0,11.95,Low,8,6.59,1.86,2.57,10,1,4.3,Hard,15,96,51,96.7,10,54.04,D,Pass,Low
STU_000350,17,Male,Private,Middle,Rural,88.58,3.59,81.66,58.05,Medium,1.71,1.03,0,5.39,Medium,6,6.39,6.44,3.06,10,1,0.71,Medium,16,93,59,72.52,9.29,61.97,D,Pass,Medium
STU_000351,19,Male,Private,Lower-Middle,Suburban,63.27,,93.73,88,Medium,2.8,1.64,0,0.24,Low,5,6.24,6.66,3.04,10,1,3.98,Medium,15,99,54,57.6,9.56,55.22,D,Pass,Low
STU_000352,17,Female,Private,Middle,Urban,75.23,2.81,95.72,100,Medium,3.49,2.74,1,1.11,High,7,4.79,7.75,0.02,10,1,0.08,Medium,8,88,63,86.71,9.63,71.27,C,Pass,Medium
STU_000353,19,Male,Private,Lower-Middle,Urban,78.93,3.16,83.51,60.47,Medium,1.54,0.98,1,5.6,High,2,7.72,6.62,2.25,10,1,1.8,Medium,24,96,58,71.91,10,61.91,D,Pass,Medium
STU_000354,16,Female,Private,Lower-Middle,Suburban,86.24,3.42,89.99,61.45,Medium,3.73,2.4,0,0.5,Medium,4,5.56,9.08,0.79,10,1,2.57,Medium,27,94,64,80.42,9.07,66.06,C,Pass,Medium
STU_000355,19,Male,Public,High,Rural,68.59,2.38,,62.65,High,3.03,2.59,0,3.76,High,8,6.27,4.31,5.08,10,0,3.35,Medium,4,89,74,,7.02,83.43,B,Pass,High
STU_000356,14,Female,Public,Middle,Urban,63.71,2.39,100,71.55,Medium,2.19,1.73,0,4.56,Medium,7,4.55,5.53,3.46,10,1,7.04,Medium,27,94,55,44.48,10,58.21,D,Pass,Low
STU_000357,16,Male,Public,Lower-Middle,Urban,67.42,2.98,82.18,74.29,Medium,2.44,2.06,1,1.97,Medium,3,8.72,2.08,2.9,10,1,0.29,Medium,18,98,52,70.45,10,54.34,D,Pass,Low
STU_000358,14,Female,Public,High,Suburban,89.08,3.41,83.93,85.48,Medium,1.07,0.62,0,0.24,Medium,4,7.69,4.2,4.75,10,1,3.72,Hard,25,96,38,98.01,10,39.09,F,Fail,Low
STU_000359,18,Male,Public,Upper-Middle,Suburban,79.04,3.39,77.15,66.03,Medium,3.49,2.17,0,0.7,Low,7,7.66,5.99,2.33,10,1,2.34,Hard,4,92,46,47.23,10,50.52,D,Pass,Low
STU_000360,15,Male,Public,Upper-Middle,Suburban,72.49,2.77,84.12,67.07,Medium,3.11,2.68,0,1.13,Medium,7,6.08,3.85,0.45,10,0,0.69,Hard,29,90,61,92.1,10,65.73,C,Pass,Medium
STU_000361,19,Male,Public,Upper-Middle,Urban,76.19,3.27,94.47,65.87,Low,3.8,3.4,0,10.77,Medium,5,6.97,3.36,0.71,10,1,2.88,Medium,11,93,71,58.85,9.63,72.05,C,Pass,Medium
STU_000362,15,Female,Private,Upper-Middle,Urban,44.13,1.65,98.55,65.45,Low,1.75,1.41,0,0.21,Medium,2,6.74,4.68,0.46,10,1,0.75,Hard,5,91,29,88.5,9.32,31.73,F,Fail,Low
STU_000363,15,Male,Public,Upper-Middle,Rural,90.51,3.52,78.44,66.67,Low,2.25,1.44,0,6.5,Medium,4,7.47,4.47,1.02,10,1,0.43,Easy,28,93,70,86.79,10,77.15,B,Pass,Medium
STU_000364,19,Male,Private,Middle,Suburban,54.07,2.04,91.77,59.19,Low,2.01,1.27,0,5.44,High,4,5.5,3.9,1.24,10,1,1.94,Medium,18,94,29,66.5,9.33,28.5,F,Fail,Low
STU_000365,16,Female,Public,Lower-Middle,Rural,63.2,1.99,100,79,High,3.09,1.92,0,0.06,High,6,8.03,4.86,0.49,6,1,2.21,Hard,23,88,62,60.37,6.24,73.47,C,Pass,Medium
STU_000366,18,Male,Public,Middle,Rural,66.86,2.57,83.57,70.08,Medium,2.89,2.21,1,0.19,Medium,6,5.35,4.53,0.46,8,1,1.35,Medium,25,86,36,92.3,6.36,42.41,F,Fail,Low
STU_000367,14,Female,Charter,Lower-Middle,Urban,72.38,3.08,93.88,70.24,High,2.15,1.76,0,2.22,Low,8,7.28,5.04,6.98,10,1,0.92,Medium,26,85,51,85.03,9.09,60.44,D,Pass,Medium
STU_000368,17,Female,Public,Middle,Urban,76.54,3.21,,61.82,Medium,1.03,0.57,1,1.23,High,7,6.13,3.04,2.85,10,1,2.78,Medium,29,91,54,,9.33,59.71,D,Pass,Low
STU_000369,14,Female,Charter,Low,Rural,59.35,2.5,82.61,74.6,Medium,5.26,3.36,0,1.47,High,9,7.22,3.26,0.52,8,1,2.95,Medium,20,98,54,86.8,10,57.59,D,Pass,Low
STU_000370,17,Female,Public,Low,Suburban,79.95,3.42,85.94,75.1,High,1.51,0.82,1,1.07,High,6,7.5,6.13,0.45,10,1,4.93,Medium,29,91,66,63.02,10,69.17,C,Pass,Medium
STU_000371,14,Female,Private,Low,Urban,76.02,3.07,78.9,65.94,Medium,2.43,1.98,0,0.34,Medium,5,7.24,5.38,3.79,10,1,2.69,Hard,16,95,57,77.05,8.85,56.91,D,Pass,Low
STU_000372,19,Female,Public,Lower-Middle,Rural,54.31,2.48,81.61,45.59,Low,1.25,0.7,0,0.34,Medium,9,6.98,6.14,0.29,10,1,0.54,Hard,11,97,37,70.4,10,40.53,F,Fail,Low
STU_000373,18,Male,Private,High,Urban,59.33,2.38,79.7,62.73,High,0.78,0.64,1,0.19,Medium,0,7.76,5.79,1.83,10,1,0.01,Medium,21,89,45,81.37,10,51.67,D,Pass,Low
STU_000374,17,Male,Public,Low,Urban,74,2.65,,56.77,High,1.28,1.03,1,1.48,Medium,0,6,5.86,2.28,8,1,0.72,Hard,21,97,47,75.96,9.64,48.84,F,Fail,Low
STU_000375,20,Female,Charter,Low,Urban,66.8,,81.18,76.73,High,2.98,1.55,1,2.64,High,3,7.42,5.54,3.02,10,1,11,Easy,29,89,57,71.1,7.16,63.36,D,Pass,Medium
STU_000376,16,Female,Public,Upper-Middle,Suburban,91.34,3.69,78.5,84.31,Low,3.91,2.66,0,0.22,Medium,5,6.97,6.68,1.89,9,1,1.47,Easy,14,98,95,79.99,8.72,94.84,A,Pass,High
STU_000377,14,Female,Public,High,Suburban,81.7,3.11,94.16,68.57,High,1.29,1.15,0,1.8,High,7,8.14,2.01,0.3,10,0,2.42,Easy,21,97,87,91.18,10,89.83,A,Pass,High
STU_000378,14,Female,Public,Low,Suburban,67.85,2.34,91.41,75.68,Medium,2.73,1.87,0,1.37,High,7,7.49,5.25,3.56,10,0,0.62,Easy,16,90,79,54.73,10,86.24,A,Pass,High
STU_000379,17,Female,Private,Middle,Suburban,67.89,2.8,81.99,72.67,Medium,5.25,3.06,0,3.32,Medium,6,6.46,5.18,0.1,10,1,0.54,Medium,16,86,58,,8.71,69.87,C,Pass,Medium
STU_000380,16,Male,Public,Middle,Rural,68.04,,,81.83,Medium,3.92,2.37,0,5.78,Medium,8,9.11,3.35,9.4,10,1,0.41,Easy,8,92,60,,8.8,61.89,D,Pass,Medium
STU_000381,16,Male,Private,Middle,Urban,61.67,2.41,72.68,75.83,Medium,5.99,4.74,1,0.38,Medium,9,10.03,5.27,0.56,9,1,1.4,Medium,25,96,76,60.01,9.02,80.31,B,Pass,High
STU_000382,19,Female,Private,Lower-Middle,Suburban,100,4,84.47,53.04,Low,1.99,1.68,0,0.65,Medium,7,7.29,3.9,0.89,8,1,1.7,Hard,16,96,80,81.03,7.43,85.6,A,Pass,High
STU_000383,20,Male,Public,Upper-Middle,Rural,82.91,3.58,77.14,60.04,High,2.49,1.44,0,1.37,High,8,8.07,1.98,7.88,9,1,0.09,Medium,6,91,75,77.13,8.68,81.62,B,Pass,High
STU_000384,19,Female,Charter,Middle,Urban,72.22,2.97,,69.81,Low,1.85,1.49,0,2.33,Medium,5,8.96,4.2,1.72,10,1,2.37,Medium,22,87,52,79.24,10,59.23,D,Pass,Low
STU_000385,19,Female,Private,Lower-Middle,Urban,67.45,2.79,87.83,58.55,Low,1.72,1.19,0,5.57,Medium,6,8.07,3.28,0.64,8,1,0.24,Hard,25,90,50,80.14,5.95,56.46,D,Pass,Low
STU_000386,19,Female,Public,Upper-Middle,Urban,49.38,,87.51,84.22,Low,6.81,5.3,0,1.29,High,12,7.32,1.9,4.8,10,1,1.94,Medium,12,98,74,78.02,10,77.63,B,Pass,Medium
STU_000387,19,Female,Private,Low,Suburban,73.96,3.11,91.1,68.91,Low,0.5,0.38,0,1.12,High,1,5.76,4.14,7.19,10,1,2.16,Easy,3,89,31,61.1,8.94,36.06,F,Fail,Low
STU_000388,19,Female,Charter,Middle,Urban,65.56,2.62,82.52,60.17,Low,3.89,2.85,0,2.06,Medium,3,7.59,3.71,0.18,10,1,2.09,Hard,22,99,47,95.32,10,50.32,D,Pass,Low
STU_000389,18,Female,Private,Middle,Rural,81.23,,,64.64,Medium,0.85,0.47,1,1.47,Medium,3,7.2,3.86,2.51,9,1,2.12,Easy,18,92,70,61.36,7.56,75.8,B,Pass,Medium
STU_000390,16,Female,Public,Upper-Middle,Suburban,62.53,2.23,82.29,67.74,Medium,4.19,2.47,0,0.39,Low,5,7.75,5.72,4.07,10,1,1.14,Hard,24,97,48,71.49,10,52.83,D,Pass,Low
STU_000391,19,Female,Public,High,Suburban,48.5,2.19,81.46,58.61,Medium,3.67,2.93,0,0.99,High,7,6.81,4.59,1.52,10,1,5.83,Easy,2,94,52,67.42,10,54.32,D,Pass,Low
STU_000392,16,Male,Public,Low,Urban,65.75,2.53,90.73,58.53,Low,1.77,1.44,0,0.16,Low,7,8.88,4.77,1.88,10,1,1.91,Medium,7,99,72,100,8.99,73.11,C,Pass,Medium
STU_000393,16,Male,Charter,Middle,Urban,66.54,2.74,81.37,50.72,Medium,2.21,1.29,0,3.81,Medium,4,5.09,1.53,3.29,10,1,2.77,Hard,10,98,39,84.2,9.79,38.96,F,Fail,Low
STU_000394,15,Female,Private,Upper-Middle,Rural,78.11,3.08,97.16,95.1,Medium,2.62,2.16,0,1.58,Medium,5,7.15,1.47,0.58,10,1,2.35,Medium,10,90,60,53.99,7.4,68.82,C,Pass,Medium
STU_000395,18,Male,Public,High,Suburban,63.93,2.88,80.62,55.76,Low,1.94,1.51,0,0.19,Medium,6,8.76,5.78,2.33,7,1,3.45,Hard,29,92,52,85.3,8.47,55.09,D,Pass,Low
STU_000396,19,Male,Public,Lower-Middle,Suburban,76.69,2.81,76.84,83.7,High,2.92,2.63,1,2.36,Medium,7,7.18,5.42,1.02,10,1,1.91,Medium,24,100,86,100,9.2,88.63,A,Pass,High
STU_000397,14,Male,Public,High,Urban,73.42,2.94,,64.15,Medium,1.69,1.01,0,0.07,High,5,9.47,7.48,0.38,10,1,1.65,Hard,29,92,59,69.48,8.56,64.48,D,Pass,Medium
STU_000398,17,Male,Public,Upper-Middle,Rural,66.85,2.47,90.4,94.9,High,1.45,1,0,0.34,Medium,2,5.26,3.71,0.94,10,1,1.25,Easy,20,85,47,82.77,10,56.34,D,Pass,Low
STU_000399,20,Male,Public,High,Suburban,59.12,2.45,85.1,69.7,High,2.7,2.02,1,3.17,Medium,5,5.81,5.04,2.32,10,1,4.12,Hard,5,85,47,84.32,8.29,53.8,D,Pass,Low
STU_000400,14,Female,Public,Lower-Middle,Suburban,60.58,2.23,73.28,71.64,Medium,6.07,3.72,0,2.05,Medium,6,6.09,5.14,4.51,10,0,0.7,Easy,6,97,56,65.48,10,58.9,D,Pass,Low
STU_000401,18,Female,Public,Middle,Rural,78.44,2.9,68.49,59.56,High,2.63,1.35,0,3.09,Low,4,6.41,4.13,0.55,9,0,3.65,Easy,14,90,52,76.34,9.35,58.67,D,Pass,Low
STU_000402,17,Male,Public,Lower-Middle,Urban,64.85,2.52,,45.9,Low,1.56,1.19,0,1.14,Medium,9,6.92,2.21,8.89,10,1,1.45,Medium,9,96,50,74.1,7.85,52.56,D,Pass,Low
STU_000403,18,Female,Private,Lower-Middle,Urban,62.87,2.65,74.75,45.51,Medium,2.59,1.86,1,3.47,Medium,6,5.78,4.44,1.36,10,1,3.72,Easy,19,92,59,96.59,9.83,62.2,D,Pass,Medium
STU_000404,16,Male,Public,Middle,Urban,78.2,3.08,81.64,59.94,Low,6.22,4.42,0,0.66,Medium,6,7.33,3.28,0.87,8,1,1.98,Easy,7,88,79,82.62,10,88.93,A,Pass,High
STU_000405,17,Male,Private,Middle,Urban,57.23,2.46,70.28,73.67,High,8.1,5.71,1,6.44,High,7,7.1,3.75,1.09,10,1,4.51,Hard,11,92,47,85.89,8.19,50.95,D,Pass,Low
STU_000406,16,Female,Charter,Middle,Urban,82.31,,89.99,75.37,Low,5.38,3.33,0,5.74,High,9,7.25,6.65,0.24,10,1,1.18,Medium,9,94,65,66.25,9.87,69.84,C,Pass,Medium
STU_000407,14,Female,Private,High,Urban,90.93,3.59,94.04,66.65,Low,2.01,1.53,1,3.57,Medium,7,6.99,5.86,1.58,10,1,11.18,Medium,9,99,85,79.15,10,83.64,B,Pass,High
STU_000408,14,Female,Private,Middle,Rural,90.16,3.68,87.93,65.91,Medium,4.45,3.94,1,7.98,Medium,8,7.05,5.21,2.48,10,0,0.58,Hard,5,88,66,75.25,10,72.41,C,Pass,Medium
STU_000409,17,Female,Public,Middle,Suburban,77.07,2.96,84.72,60.91,Low,1.4,0.73,0,1.08,Low,4,6.15,1,5.83,9,0,0,Easy,17,98,56,75.9,9.38,57.04,D,Pass,Low
STU_000410,17,Female,Private,Low,Urban,68.91,2.7,83.67,63.26,Medium,1.93,1.61,0,0.02,Medium,4,7.81,4.18,1.21,10,1,0.37,Medium,28,92,62,100,10,65.38,C,Pass,Medium
STU_000411,19,Female,Charter,Low,Suburban,71.88,2.7,91.73,55.25,High,1.51,1.19,0,2.26,High,4,4.79,8.1,1.23,10,1,0.66,Easy,13,85,45,87.49,10,51.01,D,Pass,Low
STU_000412,18,Male,Public,Low,Urban,56.52,2.62,82.74,80.58,High,3.52,2.5,0,1.88,Low,8,9.44,4.49,0.61,10,1,0.79,Easy,24,96,76,100,10,79.8,B,Pass,Medium
STU_000413,19,Male,Public,Low,Rural,69.29,2.89,86.82,69.9,Medium,2.76,2.41,0,2.7,Medium,2,8.15,5.78,1.37,10,1,1.75,Medium,21,91,73,100,8.96,80.82,B,Pass,High
STU_000414,18,Female,Private,High,Rural,89.17,3.5,84.69,71.63,High,1.96,1.52,1,3.34,High,1,5.21,5,1.24,9,1,3.26,Hard,25,90,54,74.28,7.08,62.53,D,Pass,Medium
STU_000415,19,Female,Public,Upper-Middle,Rural,58.5,2.52,83.85,64.09,Medium,0.62,0.5,0,1.3,High,12,9.17,1.96,4.11,10,1,3.02,Medium,2,87,42,72.54,10,50.11,D,Pass,Low
STU_000416,16,Female,Private,Lower-Middle,Urban,49.28,1.91,78.29,65.07,Medium,4.34,2.68,0,2.85,Medium,6,6.46,6.16,5.38,9,0,3.75,Hard,7,96,36,,10,38.82,F,Fail,Low
STU_000417,17,Male,Private,Upper-Middle,Urban,68.06,2.56,100,69.12,Medium,1.26,0.7,0,11.98,Medium,4,5.58,3.86,3.12,10,1,9.69,Medium,13,97,49,68.71,10,54.67,D,Pass,Low
STU_000418,14,Female,Private,High,Urban,73.59,3.02,78.01,57.1,Low,1.43,0.81,0,1.12,High,7,7.7,5.76,1.76,10,1,6.31,Medium,22,90,60,,8.83,67.54,C,Pass,Medium
STU_000419,18,Male,Public,Lower-Middle,Rural,69.05,2.77,85.84,74.55,Low,7.04,5.64,0,1.87,Medium,4,6.74,4.24,6.57,10,1,4.31,Medium,14,89,60,98.04,9.61,65.4,C,Pass,Medium
STU_000420,18,Female,Private,Middle,Urban,92.11,3.8,86.87,68.22,Medium,3.88,2.34,0,7.7,Medium,3,6.53,4.65,1.43,10,1,3.2,Hard,29,89,67,73.95,9.13,76.12,B,Pass,Medium
STU_000421,14,Male,Public,Lower-Middle,Suburban,68.03,2.43,75.14,59.42,Low,0.71,0.38,1,2.18,Low,5,6.68,2.58,3.5,10,0,0.9,Hard,18,94,38,59.38,10,41.62,F,Fail,Low
STU_000422,19,Male,Public,Middle,Urban,69.5,2.75,78.59,86.75,Medium,7.01,3.88,1,0.22,Medium,16,7.44,6.08,1.73,7,1,7.03,Medium,17,85,77,99.32,4.99,92.34,A,Pass,High
STU_000423,18,Male,Private,Upper-Middle,Urban,63.07,2.59,89.56,78.2,High,1.98,1.68,1,3.06,Medium,3,5.35,3.17,0.48,10,1,1.76,Hard,21,93,37,79.32,8.77,39.21,F,Fail,Low
STU_000424,20,Female,Private,Lower-Middle,Urban,80.49,3.29,,78.39,High,1.42,0.81,0,6.6,Medium,6,6.6,4.59,11.88,10,1,0.99,Medium,10,88,64,100,9.32,71.59,C,Pass,Medium
STU_000425,16,Female,Private,Middle,Rural,82.86,3.26,94.48,79.94,Medium,1.75,1.1,1,0.79,Medium,4,6.5,4.32,0.5,10,1,6.08,Medium,9,86,73,90.32,8.71,84.78,B,Pass,High
STU_000426,17,Male,Charter,Middle,Suburban,60.18,2.34,100,71.73,Medium,3.4,2.56,1,0.91,Low,1,5.72,5.25,5.14,10,1,0.01,Easy,27,86,61,69.7,10,68.69,C,Pass,Medium
STU_000427,14,Male,Public,Middle,Urban,53.93,2.05,86.14,59.2,Low,2.55,1.58,0,0.55,Medium,3,6.34,4.86,0.85,7,0,2.23,Easy,24,98,68,62.64,7.25,66.52,C,Pass,Medium
STU_000428,17,Female,Private,Low,Suburban,77.26,3.5,74.99,55.37,Low,2.51,1.82,1,1.33,Medium,3,4.63,7.5,8.29,10,1,3.97,Easy,1,91,43,73.18,8.37,45.69,F,Fail,Low
STU_000429,20,Female,Private,Low,Urban,42.29,1.7,76.25,68.68,Low,2.68,1.8,0,1.99,Medium,6,8.43,1,2.68,10,0,0.41,Medium,16,87,43,94.53,9.54,47.01,F,Fail,Low
STU_000430,18,Male,Private,Upper-Middle,Suburban,77.11,3.33,100,77.1,Medium,4.32,2.5,0,0.51,Low,5,7.49,3.97,6.12,8,1,1.52,Hard,11,95,73,93.7,7.93,77.39,B,Pass,Medium
STU_000431,18,Male,Public,Middle,Urban,60.73,2.7,74.36,59.23,High,1.95,1.55,0,1.46,Low,7,8.02,4.49,0.16,9,1,0.06,Medium,5,93,51,91.86,8.99,54.86,D,Pass,Low
STU_000432,20,Female,Private,Middle,Urban,60.54,2.46,87.85,60.31,Low,2.64,1.59,1,1.42,Medium,5,8.1,4.62,0.57,10,1,0.59,Medium,10,96,55,76.12,9.94,59.02,D,Pass,Low
STU_000433,14,Female,Public,Lower-Middle,Rural,55.76,2.31,89.48,55.33,Medium,1.89,1.18,0,10.57,Low,6,6.08,5.45,3.87,10,1,1.1,Medium,20,100,49,82.24,7.64,48.34,F,Fail,Low
STU_000434,16,Female,Private,Upper-Middle,Urban,53.9,2.08,91.85,69.55,Medium,4.31,2.17,0,5.98,Low,2,8.86,4.01,0.39,10,1,2.98,Medium,9,92,49,77.67,10,52.5,D,Pass,Low
STU_000435,15,Male,Private,Upper-Middle,Urban,81.49,3.23,,69.51,Low,1.68,1.25,0,1.87,High,6,7.56,5.96,0.27,10,0,11.18,Medium,20,98,65,94.95,10,68.3,C,Pass,Medium
STU_000436,14,Female,Private,Upper-Middle,Suburban,80.31,3.24,76.87,55.19,High,1.77,1.39,1,1.3,Medium,4,6.14,4.81,1.58,10,1,7.3,Hard,15,100,42,60.66,10,43.86,F,Fail,Low
STU_000437,15,Other,Public,Upper-Middle,Suburban,76.55,3.25,90.38,60.37,Medium,2.09,1.16,1,0.12,Medium,5,6.89,6.01,0.18,10,1,1.45,Easy,27,100,88,95.43,8.24,87.96,A,Pass,High
STU_000438,20,Female,Charter,Low,Rural,77.23,,79.9,57.46,High,0.76,0.49,0,7.24,Medium,5,6.57,3.41,0.11,10,1,0.17,Easy,14,95,64,69.9,7.81,68.43,C,Pass,Medium
STU_000439,19,Male,Private,High,Rural,57.96,2.11,87.18,63.87,Medium,2.18,1.69,0,1.34,Low,4,6.81,4.76,2.67,10,1,4.38,Easy,30,96,55,77.49,9.99,58.04,D,Pass,Low
STU_000440,15,Female,Public,Middle,Suburban,79.29,3.37,87.9,74.72,High,4.87,4.28,0,1.68,Medium,5,7.6,5.65,0.65,8,1,3.23,Medium,17,100,86,51.41,5.66,84.26,B,Pass,High
STU_000441,16,Female,Charter,Lower-Middle,Urban,72.17,2.97,82.7,52.63,Low,1.71,1.35,0,2.19,Medium,2,7.5,3.23,1.27,10,1,0.15,Hard,30,86,29,89.66,10,34.16,F,Fail,Low
STU_000442,19,Female,Private,High,Urban,61.71,2.51,80.03,73.58,Medium,2.24,1.91,1,5.55,Medium,6,6.6,5.59,7.05,10,1,1.32,Hard,30,91,38,55.26,9.63,41.45,F,Fail,Low
STU_000443,15,Male,Private,Middle,Rural,76.25,3.1,72.71,70.03,Medium,2.71,1.45,0,1.32,Medium,8,7.43,4.96,1.09,10,1,1.38,Medium,12,92,64,93.19,8.82,71.07,C,Pass,Medium
STU_000444,20,Female,Public,Upper-Middle,Rural,57.99,2.32,92.79,81.44,High,3.1,1.62,0,0.35,Low,8,6.84,8.3,0.45,10,1,12.62,Medium,27,91,60,94.33,8.89,70.19,C,Pass,Medium
STU_000445,19,Female,Private,Low,Suburban,54.7,2.21,74.22,56.91,Medium,2.66,1.68,0,2.17,Medium,7,6.22,9,1.59,10,0,7.03,Easy,19,95,55,80.66,10,58.63,D,Pass,Low
STU_000446,20,Female,Public,Middle,Suburban,60.28,2.55,89.73,55.29,Medium,1.81,1.08,0,1.48,Low,4,6.14,6.88,7.82,10,1,2.64,Hard,10,87,36,59.24,8.07,41.76,F,Fail,Low
STU_000447,15,Female,Public,Low,Rural,72.07,2.84,72.49,46.85,Low,1.42,0.85,0,0.61,Medium,3,7.76,4.02,3.28,8,1,2.82,Hard,30,95,47,99.45,9.93,49.65,F,Fail,Low
STU_000448,20,Female,Charter,Upper-Middle,Urban,61.4,2.64,93.15,71.34,High,3.03,2.7,0,0.68,High,7,8.21,5.46,1.68,10,1,3.16,Medium,16,88,75,89.8,9,82.29,B,Pass,High
STU_000449,16,Male,Private,Upper-Middle,Urban,79.88,3.06,,67.87,Low,1.06,0.83,0,1.64,Low,3,8.46,1.06,0.95,10,1,6.75,Medium,14,91,52,81.83,9.28,57.44,D,Pass,Low
STU_000450,15,Male,Public,Lower-Middle,Urban,72.03,,85.63,75.29,Low,4.81,4.13,0,4.44,High,10,8.23,3.21,0.28,10,1,0.33,Easy,15,98,88,86.94,7.79,90.32,A,Pass,High
STU_000451,15,Female,Private,Low,Suburban,46.54,2.25,69.88,53.56,Medium,2.92,2.47,0,1.2,Medium,6,7.17,6.04,0.74,10,1,3.7,Hard,21,86,25,69.45,9.81,29.07,F,Fail,Low
STU_000452,15,Female,Charter,Upper-Middle,Suburban,64.47,2.59,,77.72,High,2.52,1.95,1,3.31,High,3,4.49,6.95,7.88,10,1,0.41,Easy,29,98,59,51.69,10,61.19,D,Pass,Medium
STU_000453,14,Male,Private,Middle,Urban,68.68,2.66,,67.97,Low,1.9,1.43,1,0.94,High,7,7.82,3.3,1.79,10,1,0.33,Hard,18,98,71,100,10,74.44,C,Pass,Medium
STU_000454,14,Male,Private,Middle,Urban,54.7,2.13,,58.53,Medium,3.32,1.92,1,4.79,Medium,4,7.91,4.73,3.6,10,1,0.73,Medium,8,100,47,92.78,7.53,46.09,F,Fail,Low
STU_000455,14,Female,Private,High,Suburban,67.92,2.91,,73,High,0.97,0.56,0,0.37,Medium,2,6.27,2.5,1.32,9,0,8.28,Medium,25,87,44,79.46,9.4,52.1,D,Pass,Low
STU_000456,16,Male,Private,Middle,Urban,50.11,2.25,98.55,71.71,Medium,1.07,0.78,0,0.57,Medium,3,6.97,6.43,2,10,1,3.89,Hard,18,88,39,83.46,7.68,41.01,F,Fail,Low
STU_000457,19,Female,Private,Upper-Middle,Urban,56.06,2.1,77.97,55.39,Medium,2.25,1.94,0,2.38,Low,2,6.21,3.04,0.65,10,1,0.18,Medium,1,98,29,84.11,10,28.55,F,Fail,Low
STU_000458,20,Female,Charter,Middle,Suburban,73.23,3.04,88.84,80.64,Medium,3.64,2.86,0,0.1,Medium,8,6.52,2.04,3.02,10,1,5.31,Medium,12,97,73,87.16,10,75.32,B,Pass,Medium
STU_000459,18,Female,Public,Lower-Middle,Urban,72.99,3.1,85.9,55.38,Medium,2.52,1.93,1,0.82,Medium,6,8.89,6.02,0.57,9,0,1.22,Easy,7,99,62,79.87,10,62.4,D,Pass,Medium
STU_000460,15,Male,Public,Lower-Middle,Suburban,67.67,2.63,91.8,70.87,High,1.09,0.94,0,0.87,Medium,3,6.71,3.79,1.35,10,0,4.83,Easy,17,95,60,,10,64.28,D,Pass,Medium
STU_000461,20,Female,Public,Upper-Middle,Urban,79.65,3.35,90.91,66.1,Medium,1.65,1.08,0,0.54,Medium,4,7.11,4.61,3.92,10,1,0.03,Medium,17,94,61,70.86,9.19,61.41,D,Pass,Medium
STU_000462,15,Male,Public,Lower-Middle,Suburban,69.91,2.57,72.75,67.53,Low,4.5,3.87,1,0.61,High,6,5.81,2.69,1.92,10,1,0.53,Hard,18,89,56,100,8.01,63.28,D,Pass,Medium
STU_000463,16,Male,Public,High,Urban,54,,85.94,84.59,High,5.31,4.68,0,1.16,High,5,7.32,5.1,3.23,10,1,6.38,Hard,27,95,56,72.26,4.36,58.66,D,Pass,Low
STU_000464,15,Female,Public,Middle,Rural,60.56,2.45,82.65,58.12,Medium,2.22,1.14,0,2.76,Medium,4,5.62,5.87,0.59,10,1,7.35,Easy,8,87,47,57.15,8.44,55.32,D,Pass,Low
STU_000465,14,Male,Public,Upper-Middle,Suburban,77.41,3.1,79.78,78.84,Medium,4.67,3.92,0,3.3,Medium,9,7.35,5.02,4.1,10,1,7.31,Medium,27,92,71,86.56,8.6,76.16,B,Pass,Medium
STU_000466,18,Female,Charter,Middle,Urban,54.15,2.2,,77.32,Low,1.14,0.95,0,1.52,Low,3,7.14,3.89,0.42,10,1,5.05,Easy,21,94,50,91.5,8.06,52.6,D,Pass,Low
STU_000467,17,Male,Private,Middle,Urban,66.84,2.58,84.28,59.02,Medium,2.29,1.32,1,3.1,High,7,5.79,4.32,2.45,10,1,0.45,Medium,23,91,37,80.6,10,40.6,F,Fail,Low
STU_000468,15,Male,Private,Lower-Middle,Urban,62.3,2.6,72.02,54.85,Low,1.92,1.7,1,7.63,Medium,6,7.31,4.17,5.67,10,1,4.95,Hard,11,94,39,,8.1,40.88,F,Fail,Low
STU_000469,20,Male,Private,High,Urban,51.46,2.21,83.79,60.62,Low,2.29,1.32,1,1.65,Low,3,9.25,8.08,0.6,8,1,1.78,Medium,5,97,34,100,8.41,36.3,F,Fail,Low
STU_000470,14,Female,Private,Middle,Suburban,65.08,2.49,78.79,65.31,Low,1.2,0.97,1,2.96,Medium,8,7.81,1,2.05,10,1,0.62,Medium,28,93,53,58.9,8.76,58.42,D,Pass,Low
STU_000471,17,Male,Public,Middle,Urban,63.73,2.64,83.94,71.47,Medium,1.36,0.68,0,1.23,Low,9,8.08,4.34,3.33,10,1,1.73,Easy,22,99,74,,8.29,74.5,C,Pass,Medium
STU_000472,18,Female,Private,High,Suburban,51.8,1.97,92.37,70.02,High,4.59,3.79,0,1.15,Medium,7,7.15,3.86,1.37,10,1,1.46,Hard,22,100,59,69.44,10,60.18,D,Pass,Medium
STU_000473,17,Female,Public,Lower-Middle,Rural,66.15,,68.92,45.54,Medium,3.07,2.36,0,0.35,High,8,6.18,6,0.04,9,1,0.26,Easy,20,90,69,76.35,9.3,77.28,B,Pass,Medium
STU_000474,14,Other,Charter,Middle,Rural,77.78,3,84.76,76.29,Medium,1.5,1,0,1.99,Low,8,5.67,5.83,0.32,10,1,2.6,Hard,15,87,43,72.11,10,49.42,F,Fail,Low
STU_000475,19,Female,Public,Middle,Urban,69.97,2.68,77.54,59.64,Low,3.53,3.16,0,1.11,High,7,8.9,4.75,1.13,10,1,10.66,Medium,30,97,60,64.5,10,63.45,D,Pass,Medium
STU_000476,19,Male,Private,Low,Suburban,81.1,3.22,88.15,54.68,Low,0.94,0.83,0,4.3,Medium,1,5.92,4.68,3.25,10,1,1.46,Hard,18,91,29,55.36,9.1,32.86,F,Fail,Low
STU_000477,17,Female,Public,High,Urban,77.4,3.11,93.84,65.26,Medium,3.19,1.83,0,0.24,Medium,2,7.5,6.19,3.96,7,1,2.58,Medium,12,99,68,83.99,8.34,69.28,C,Pass,Medium
STU_000478,16,Male,Public,Upper-Middle,Urban,76.19,3.07,69.66,48.58,Medium,2.7,1.72,0,0.27,Medium,4,6.89,5.71,4.67,10,1,0.8,Medium,17,87,45,72.43,10,51.15,D,Pass,Low
STU_000479,20,Female,Public,Lower-Middle,Suburban,81.23,3.21,95.02,62.9,Low,2.65,1.85,0,0.23,Low,4,6.2,5.13,1.08,10,0,0.01,Medium,8,85,52,70.26,10,62.89,D,Pass,Medium
STU_000480,20,Male,Private,Lower-Middle,Urban,75.78,3.14,88.51,62.29,Medium,2.92,1.56,0,1.39,Medium,5,6.61,5.7,10.96,7,1,5.23,Medium,10,91,65,55.69,4.68,72.66,C,Pass,Medium
STU_000481,17,Male,Public,Upper-Middle,Suburban,68.54,2.89,93.17,87.76,Medium,4.53,3.82,0,5.13,High,4,7.9,2.38,0.28,9,1,0.15,Easy,26,91,81,100,9.41,86.13,A,Pass,High
STU_000482,15,Female,Private,Middle,Suburban,97.97,4,76.41,63.6,Medium,4.69,4.08,0,0.34,Low,3,7.21,2.32,0.11,10,1,8.61,Medium,7,96,78,85.55,10,81.95,B,Pass,High
STU_000483,15,Female,Private,Low,Rural,52.71,2.16,83.11,79.08,High,2.62,1.67,0,7.24,Medium,6,7.27,6.77,0.1,9,1,0.51,Easy,12,88,59,73.99,10,70.45,C,Pass,Medium
STU_000484,20,Female,Private,Upper-Middle,Suburban,61.58,2.31,75.3,54.83,Low,1.92,1.62,0,0.1,Low,10,7.57,3.21,0.24,8,1,1.27,Medium,26,88,67,81.47,6.33,76.57,B,Pass,Medium
STU_000485,20,Female,Public,Lower-Middle,Urban,81.14,3.47,86.23,79.14,Low,4.05,2.87,1,4.79,Medium,8,5.22,7.45,0.68,10,1,2.6,Medium,12,98,63,86.51,9.14,65.76,C,Pass,Medium
STU_000486,19,Female,Public,Lower-Middle,Urban,70.65,2.81,71.64,59.7,Medium,6.97,3.72,0,0.12,Medium,7,8.2,6.97,3.5,10,0,7.36,Hard,4,85,41,,10,47.43,F,Fail,Low
STU_000487,16,Male,Private,Lower-Middle,Urban,57.37,2.47,80.81,71.91,Medium,1.46,0.95,1,6.78,High,3,6.69,5.35,3.18,10,1,0.78,Medium,17,93,37,75.84,10,41.41,F,Fail,Low
STU_000488,14,Male,Private,Middle,Urban,80.7,3.4,90.06,64.93,Low,2.97,1.5,0,1.97,High,10,8.46,7.2,1.79,10,1,11.14,Medium,21,88,73,,10,83.26,B,Pass,High
STU_000489,15,Female,Public,Lower-Middle,Suburban,91.84,3.72,69.77,60.8,Medium,2.72,1.39,0,0.02,Low,6,6.4,5.51,1.03,10,1,11.43,Medium,4,96,67,89.24,10,69.27,C,Pass,Medium
STU_000490,20,Male,Private,Lower-Middle,Suburban,67.64,2.55,89.99,85.88,Medium,4.05,2.91,0,1.72,Medium,6,5.18,3.12,0.22,10,1,3.47,Medium,4,85,43,76.57,9.98,49.2,F,Fail,Low
STU_000491,19,Male,Public,Middle,Suburban,63.03,2.41,78.48,62.58,Medium,2,1.7,0,0.4,Low,4,6.85,2.63,2.36,10,0,2.59,Medium,30,94,61,87.15,9.97,61.89,D,Pass,Medium
STU_000492,18,Male,Public,Upper-Middle,Urban,81.86,3.4,76.14,57.14,Medium,1.24,0.84,0,2.1,Low,4,7.64,4.95,0.27,10,1,2.48,Hard,25,92,48,64.7,10,52.5,D,Pass,Low
STU_000493,19,Female,Public,Lower-Middle,Urban,85.16,3.4,92.82,62.13,Medium,1.11,0.69,0,1.04,Low,3,6.24,7,0.48,8,1,0.15,Easy,28,93,72,88.5,6.17,76.66,B,Pass,Medium
STU_000494,15,Male,Public,Upper-Middle,Rural,41.97,1.54,74.76,66.79,Medium,2.07,1.54,0,0.62,Medium,3,6.67,6.46,3.71,10,1,0.9,Medium,10,97,35,,10,37.33,F,Fail,Low
STU_000495,15,Male,Private,Lower-Middle,Suburban,77.97,3.33,88.99,78.86,Medium,0.88,0.63,0,0.01,High,3,8.61,2.94,5.35,10,1,1.66,Hard,20,96,61,93.87,9.94,62.83,D,Pass,Medium
STU_000496,19,Male,Private,Lower-Middle,Suburban,72.51,2.8,90.7,65.12,Low,0.69,0.4,0,0.13,Medium,1,8.38,3,0.69,7,1,3.03,Hard,17,85,59,83.13,7.22,71.37,C,Pass,Medium
STU_000497,14,Male,Private,Middle,Suburban,55.73,2.13,80.63,60.75,Medium,3.2,1.61,0,1.29,High,6,4.74,7.47,3.1,10,1,4.08,Medium,6,97,51,85.65,9.96,52.32,D,Pass,Low
STU_000498,17,Female,Charter,Middle,Urban,82.76,3.34,75.31,52.55,High,1.85,1.44,0,0.72,High,6,5.4,5.24,3.15,10,1,7.41,Easy,13,97,72,85.96,7.77,74.4,C,Pass,Medium
STU_000499,15,Female,Public,Middle,Suburban,76.06,2.93,93,54.97,Medium,3.32,2.82,1,1.54,Medium,8,8.12,6.25,0.02,10,0,4.7,Medium,16,91,78,66.47,9.09,84.25,B,Pass,High
STU_000500,19,Male,Public,Middle,Urban,72.42,2.72,86.46,64.08,Low,2.86,2.47,0,1.66,High,7,6.55,4.08,0.25,10,1,9.27,Medium,1,94,44,57.24,9.98,46.36,F,Fail,Low
STU_000501,20,Male,Private,Lower-Middle,Urban,62.67,2.27,86.46,58.81,Medium,0.5,0.39,0,3.81,High,4,6.54,3.42,1.93,10,1,2.67,Hard,1,85,2,,9.73,1.9,F,Fail,Low
STU_000502,19,Female,Public,Middle,Urban,62.61,,89.93,72.05,High,1.84,1.41,0,1.71,Medium,4,6.51,3.62,6.02,10,1,3.71,Medium,8,85,47,50.94,10,53.07,D,Pass,Low
STU_000503,16,Male,Public,High,Suburban,70.38,,86.47,59.15,High,1.13,0.73,1,0.8,Low,4,8.45,7.68,0.37,9,1,0.01,Medium,10,98,47,80.65,8.18,49.42,F,Fail,Low
STU_000504,17,Male,Public,Upper-Middle,Rural,91.52,3.46,83.07,63.7,High,2.33,1.96,0,3.06,Medium,4,8.14,4.83,2.05,10,1,0.43,Easy,17,98,69,100,10,69.39,C,Pass,Medium
STU_000505,18,Female,Public,Upper-Middle,Rural,78.17,3.24,91.13,75.56,Medium,3.34,2.41,0,1.33,Medium,9,8.91,3.32,5.8,10,1,2.4,Hard,8,96,63,40.77,9.12,65.23,C,Pass,Medium
STU_000506,14,Male,Public,Middle,Suburban,79.53,3.37,86.77,67.19,Low,1.52,0.77,0,1.35,Medium,4,5.97,4.83,8.3,10,1,0.54,Medium,29,93,53,,6.55,57.76,D,Pass,Low
STU_000507,18,Male,Private,Low,Urban,66.27,,96.69,76.47,Medium,0.83,0.68,1,0.32,Medium,5,8.27,7.59,0.56,10,1,1.44,Medium,9,93,66,100,9.9,71.97,C,Pass,Medium
STU_000508,17,Female,Private,Lower-Middle,Suburban,62.45,2.32,70.37,46.6,Low,0.65,0.48,1,1.93,Medium,2,7.09,5.73,0.72,10,1,2.96,Hard,6,86,21,81.7,9.39,25.37,F,Fail,Low
STU_000509,17,Male,Private,Lower-Middle,Urban,68.8,2.69,98.89,64.28,High,1.1,0.6,0,2.66,Low,7,6.21,4.97,8.08,10,1,0.22,Hard,27,97,42,92.66,9.35,45.49,F,Fail,Low
STU_000510,17,Male,Public,High,Urban,76.13,3.27,79.88,60.31,Low,0.56,0.43,0,0.24,Medium,5,5.76,7.96,0.9,10,0,0.03,Medium,12,96,62,68.23,10,66.48,C,Pass,Medium
STU_000511,18,Male,Charter,Lower-Middle,Urban,53.2,2.29,76.4,66.89,Medium,2.32,1.81,0,0.86,Low,6,6.6,7.29,2.7,10,1,1.75,Medium,21,87,47,66.53,10,52.69,D,Pass,Low
STU_000512,20,Male,Public,Lower-Middle,Suburban,61.46,2.54,,77.32,Low,2.04,1.64,0,8.78,High,4,4.5,6.77,2.57,10,1,0.51,Medium,11,89,38,77.88,8.7,44.26,F,Fail,Low
STU_000513,17,Female,Private,Low,Urban,69.72,2.82,92.92,45.16,Low,1.96,1.16,1,1.33,Medium,6,6.26,6.95,8.08,10,0,0.16,Medium,27,85,60,84.98,10,72.31,C,Pass,Medium
STU_000514,19,Female,Private,Low,Urban,47.97,1.85,79.72,76.88,Medium,2.67,1.47,0,4.21,High,6,5.01,4.64,1.78,10,1,0.45,Medium,30,89,37,66.81,10,42.72,F,Fail,Low
STU_000515,18,Male,Public,Middle,Urban,79.53,3.21,94.7,79.16,Medium,2.32,1.59,0,0.21,High,6,7.12,5.4,5.13,9,1,7.81,Easy,7,94,73,76.41,9.15,75.9,B,Pass,Medium
STU_000516,17,Male,Private,Lower-Middle,Suburban,52.89,,87.97,61.12,Low,0.99,0.56,1,1.46,High,2,7.78,6.91,0.66,10,1,2.03,Easy,2,95,28,33.34,10,29.36,F,Fail,Low
STU_000517,19,Female,Private,Lower-Middle,Suburban,66.02,2.58,80.24,53.22,Medium,1.97,0.99,0,3.51,Medium,8,6.83,3.91,1.5,10,1,6.66,Hard,28,98,55,41.64,10,56.21,D,Pass,Low
STU_000518,20,Female,Private,Lower-Middle,Suburban,78.81,,99.14,76.54,Medium,2.66,2.37,1,1.59,Medium,6,3.86,2.54,2.83,10,1,2.17,Hard,29,96,63,65,10,67.32,C,Pass,Medium
STU_000519,16,Male,Public,High,Rural,84.8,3.49,87.28,56.55,High,2.54,2.08,0,3.68,Medium,6,5.56,5.93,1.78,10,1,2.8,Hard,12,96,61,64.94,10,62.9,D,Pass,Medium
STU_000520,20,Female,Private,Lower-Middle,Urban,60.24,2.38,,50.33,Medium,1.84,1.54,1,0.36,Low,1,5.89,3.34,0.56,10,1,9.82,Hard,24,88,33,81.48,10,37.73,F,Fail,Low
STU_000521,17,Female,Private,Lower-Middle,Suburban,80.6,3.27,86.29,72,High,2.85,2.31,1,0.92,High,6,6.41,4.93,0.1,10,1,3.16,Medium,19,89,58,59.18,10,64.89,D,Pass,Medium
STU_000522,18,Female,Private,Middle,Urban,74.69,2.8,89.35,67.35,High,3.42,2.45,0,4.01,Medium,8,7.94,4.79,6.73,10,1,0.55,Medium,5,93,65,74.7,10,68.35,C,Pass,Medium
STU_000523,15,Female,Public,Middle,Rural,70.71,3.02,85.53,51.3,Medium,2.6,1.79,0,1.56,Medium,6,3.82,6.47,0.17,10,1,2.66,Hard,22,100,56,,8,53.77,D,Pass,Low
STU_000524,17,Female,Private,Low,Urban,67.89,2.53,74.5,56.24,Medium,1.38,1.12,1,0.53,Medium,7,7.53,6.21,0.77,7,1,9.13,Easy,23,85,70,86.07,3.76,80.75,B,Pass,High
STU_000525,15,Female,Public,Lower-Middle,Urban,43.26,1.76,92.79,81.23,Medium,1.98,1.54,1,0.14,Medium,3,7.9,6.83,1.9,10,1,3.57,Hard,30,96,27,70.06,10,30.53,F,Fail,Low
STU_000526,19,Male,Charter,Lower-Middle,Suburban,48.55,2.22,,41.29,Low,0.59,0.4,1,0.04,Medium,4,6.37,3.32,5.5,10,1,2.28,Easy,6,91,36,92.97,9.61,38.82,F,Fail,Low
STU_000527,16,Male,Public,Upper-Middle,Rural,72.96,3.05,91.24,78.95,Medium,4.34,2.28,0,0.1,Low,6,5.59,2.86,8.81,9,1,4.6,Medium,22,95,73,86.57,8.71,77.46,B,Pass,Medium
STU_000528,14,Male,Private,Lower-Middle,Suburban,60.96,2.77,84.15,55.88,Low,3.79,3.19,0,0.3,Medium,2,8.06,6.53,0.81,10,1,2.56,Hard,23,97,32,71.28,10,31.5,F,Fail,Low
STU_000529,20,Female,Public,Lower-Middle,Rural,70.56,2.95,87.9,83.49,Low,3.26,1.93,0,2.47,High,2,7.89,4.33,2.05,8,1,8.23,Hard,17,90,55,59.46,9.35,61.66,D,Pass,Medium
STU_000530,16,Male,Private,Middle,Suburban,60.84,2.6,81.72,60.13,Low,1.52,1.36,0,0.02,Medium,5,9.11,6.41,9.38,6,1,10.7,Hard,24,94,32,87.18,8.04,35.7,F,Fail,Low
STU_000531,17,Female,Private,Middle,Rural,64.93,2.56,77.92,68.58,Medium,4.73,3.12,0,1.61,High,12,8.59,7.77,1.45,10,1,0.35,Hard,11,89,45,,10,51.02,D,Pass,Low
STU_000532,15,Female,Public,Upper-Middle,Urban,85.28,3.3,98.05,86.14,Medium,3.07,2.23,0,2.45,Low,0,6.99,7.77,1.72,10,1,2.29,Hard,7,94,58,79.83,8.51,61.06,D,Pass,Medium
STU_000533,20,Male,Public,Low,Urban,48.93,1.84,,81.97,Medium,7.61,6.75,1,1.75,Medium,8,8.11,5.05,0.54,7,1,1.62,Hard,30,85,52,84.91,10,58.8,D,Pass,Low
STU_000534,15,Female,Public,Middle,Urban,73.06,2.88,79.89,49.49,Medium,1.12,0.72,1,2.65,Medium,8,4.84,5.82,4.94,10,1,7.12,Hard,17,100,53,100,9.29,55.18,D,Pass,Low
STU_000535,18,Male,Public,Lower-Middle,Suburban,87.07,3.58,100,90.13,Medium,1.64,0.85,0,0.42,High,3,8.71,3.84,2.03,10,1,1.13,Medium,11,94,74,70.7,10,77.81,B,Pass,Medium
STU_000536,15,Male,Private,Lower-Middle,Suburban,48.6,1.82,72.61,75.93,Medium,3.1,2.45,1,3.5,Medium,4,5.37,7.02,2.48,9,1,0.25,Hard,3,85,18,,8.13,19.8,F,Fail,Low
STU_000537,18,Female,Public,Lower-Middle,Urban,72.35,2.8,84.91,63.85,Medium,3.85,2.59,0,0.95,Medium,8,7.64,3.22,3.34,10,1,3.16,Easy,25,95,72,44.97,9.05,74.16,C,Pass,Medium
STU_000538,19,Female,Private,Upper-Middle,Suburban,79.19,2.99,92.36,67.07,High,2.27,1.57,0,0.13,Medium,5,6.62,4.18,4.51,10,1,1,Hard,14,90,45,100,10,49.37,F,Fail,Low
STU_000539,20,Male,Private,Upper-Middle,Urban,83.55,3.39,77.37,64.51,Medium,2.02,1.08,1,1.39,Low,8,6.97,4.46,0.59,10,1,1.36,Easy,5,89,71,100,7.42,80.78,B,Pass,High
STU_000540,20,Female,Private,Middle,Suburban,49.1,2.09,100,82.93,Low,3.77,2.76,0,1.31,Low,3,9.51,4.63,0.83,10,1,6.61,Easy,23,89,64,67.51,8.22,69.38,C,Pass,Medium
STU_000541,14,Male,Public,High,Urban,70.62,2.82,94.69,70.72,High,0.8,0.55,0,0.27,Medium,3,7.57,3.24,4.78,10,1,0.84,Medium,28,98,47,,9.48,47.69,F,Fail,Low
STU_000542,17,Male,Public,Low,Urban,71.46,2.91,91.6,81.86,Medium,3.45,2.22,0,6.6,Medium,5,6.29,3.37,5.03,10,0,4.56,Easy,25,95,69,59.83,9.63,76.18,B,Pass,Medium
STU_000543,18,Male,Public,Lower-Middle,Suburban,52.23,,91.54,44.29,High,1.22,0.82,0,1.92,Low,5,6.08,5.41,0.98,7,1,0.22,Medium,19,93,48,34.91,9.18,53.97,D,Pass,Low
STU_000544,14,Male,Public,Low,Suburban,61.09,2.46,71.21,60.05,Low,2.5,1.57,0,4.03,Low,8,7,3.37,3.15,10,1,1.35,Hard,19,100,72,95.9,8.21,71.74,C,Pass,Medium
STU_000545,15,Female,Public,Low,Rural,69.07,2.48,85.99,87.08,Medium,3.32,1.95,0,2.03,Medium,4,5.84,6.44,2.55,10,1,2.3,Hard,23,91,43,60.19,10,49.05,F,Fail,Low
STU_000546,15,Female,Public,Low,Suburban,80.26,3.17,82.24,77.04,Medium,2.45,2.15,1,3.35,Medium,3,7.65,2.52,8.73,8,1,1.03,Hard,23,85,43,64.51,5.06,48.85,F,Fail,Low
STU_000547,14,Female,Public,Lower-Middle,Suburban,58.9,2.19,65.2,80.01,Medium,3.09,2.15,1,5.32,Medium,2,9.25,4.11,4.83,10,1,0.72,Medium,7,99,50,45.58,10,49.85,F,Fail,Low
STU_000548,20,Female,Public,Low,Urban,70.63,,74.23,62.2,High,3.15,2.59,0,1.35,High,7,6.25,2.62,0.01,7,1,2.72,Medium,28,93,48,75.47,7.42,54.24,D,Pass,Low
STU_000549,15,Female,Private,Middle,Suburban,54.92,2.06,85.84,48.09,Medium,1.21,0.89,0,2.83,High,7,7.34,4.59,0.88,10,1,0.8,Medium,13,92,42,95.45,10,46.97,F,Fail,Low
STU_000550,19,Female,Private,Low,Urban,63.31,2.57,86.04,66.39,Medium,4.45,3.04,1,0.9,Medium,3,5.75,4.91,2.86,10,1,9.6,Medium,30,87,47,61.9,10,55.16,D,Pass,Low
STU_000551,19,Male,Private,Middle,Urban,67.84,2.63,84.8,52.7,High,1.8,1.56,0,5,Medium,3,9.01,6.01,0.74,10,1,4.7,Hard,22,96,51,89.15,9.02,54.87,D,Pass,Low
STU_000552,14,Male,Private,Upper-Middle,Urban,59.23,2.09,88.34,73.26,Medium,1.74,1.44,0,0.45,Medium,5,6.23,8.78,1.06,9,1,11.24,Medium,29,87,36,79.6,10,42.87,F,Fail,Low
STU_000553,18,Female,Public,Upper-Middle,Suburban,76.42,3.14,94.61,59.33,High,2.71,2.36,1,2.45,High,5,5.85,4.7,1.83,10,1,8.94,Hard,22,99,49,50.22,10,48.94,F,Fail,Low
STU_000554,18,Female,Private,Lower-Middle,Suburban,40.35,1.35,57.01,30.55,Low,1.32,1.12,0,1.16,High,3,6.72,7.35,1.17,10,1,10.81,Easy,25,93,32,72.69,9.01,34.88,F,Fail,Low
STU_000555,14,Male,Public,Lower-Middle,Suburban,61.35,2.5,,65.48,Medium,1.31,0.93,1,11.21,Low,6,4.99,7.07,1.1,10,1,1.72,Easy,29,91,49,73.55,10,52.03,D,Pass,Low
STU_000556,18,Other,Public,Low,Urban,66.21,2.71,94.94,86.4,Low,3.53,2.17,0,0.24,Medium,8,5.09,4.58,3.51,10,1,2.57,Hard,12,89,49,75.45,7.88,52.02,D,Pass,Low
STU_000557,20,Female,Public,Middle,Urban,62.55,2.66,72.49,63.32,Medium,1.74,1.21,0,0.36,High,8,3.62,4.72,1.7,10,1,9.31,Easy,8,100,55,71.72,8.67,54.47,D,Pass,Low
STU_000558,20,Female,Private,Low,Urban,64.84,2.75,76.61,82.38,High,7.37,4.22,1,0.33,Medium,9,6.85,2.82,0.82,10,1,1.49,Hard,25,99,63,83.66,6.63,63.37,D,Pass,Medium
STU_000559,18,Male,Private,Middle,Urban,98.15,3.75,82.37,65.77,Low,4.24,3.49,0,4.71,High,6,6.9,3.34,5.97,10,1,4.45,Easy,7,88,76,56.58,9.75,85.89,A,Pass,High
STU_000560,19,Female,Private,Lower-Middle,Urban,64.1,,93.97,93.02,Medium,4.84,3.34,0,0.39,High,7,8.09,4.82,0.09,8,1,1.4,Medium,18,99,68,90.78,9.34,71.4,C,Pass,Medium
STU_000561,18,Female,Public,High,Suburban,80.84,3.03,100,72.09,High,3,2.09,1,1.54,Medium,7,6.4,1.94,0.09,10,1,2.36,Easy,30,89,89,,10,100,A,Pass,High
STU_000562,20,Female,Private,Middle,Rural,68.65,2.74,96.71,75.14,Low,3.42,1.87,1,5.1,Medium,2,7.94,5.62,0.72,10,1,1.12,Hard,2,88,40,69.64,9.07,45.18,F,Fail,Low
STU_000563,16,Female,Public,Upper-Middle,Suburban,69.22,2.91,91.06,89.97,Low,5.28,3.42,1,1.71,Low,5,6.5,5.85,2.09,10,1,0.67,Easy,7,90,64,66.7,9.04,73.65,C,Pass,Medium
STU_000564,17,Male,Public,Low,Urban,81.29,3.17,98.21,73.2,Low,0.66,0.36,1,7.26,Low,1,7.93,3.94,2.5,7,1,1.59,Easy,13,91,71,100,4.93,78.88,B,Pass,Medium
STU_000565,15,Female,Private,High,Rural,58.58,2.19,80.47,57.92,Medium,3.43,2.9,1,0.41,Low,5,5.45,5.03,2.64,10,1,1.52,Medium,8,97,44,61.89,10,43.9,F,Fail,Low
STU_000566,16,Male,Charter,High,Urban,82.03,3.48,83.38,75.93,Medium,4.15,3.58,0,1.48,Low,3,7.11,7.46,1.79,9,1,5.3,Easy,21,98,76,60.13,9.95,77.82,B,Pass,Medium
STU_000567,18,Female,Private,Lower-Middle,Urban,53.77,2.12,,60,Medium,1.16,0.68,1,5.22,Medium,7,7.74,4.66,0.83,10,1,0.54,Easy,18,97,51,81.75,10,50.91,D,Pass,Low
STU_000568,19,Male,Public,Upper-Middle,Urban,83.66,3.62,93.77,83.76,Medium,2.65,2.06,1,4.15,Medium,4,6.31,4.65,3.94,9,1,1.12,Hard,17,87,86,88.39,6.74,99.8,A,Pass,High
STU_000569,14,Female,Public,Lower-Middle,Rural,64.05,2.51,82.12,75.71,Medium,4.65,2.85,0,0.41,Medium,7,6.66,7.16,0.95,10,1,2.6,Medium,21,88,45,93.23,10,51.36,D,Pass,Low
STU_000570,18,Female,Public,Lower-Middle,Urban,67.11,2.58,88.2,73.68,Low,4.24,2.34,1,0.39,Low,3,7.83,6.01,1.91,10,1,1.79,Hard,3,88,31,77.98,9.51,36.85,F,Fail,Low
STU_000571,19,Female,Public,Lower-Middle,Urban,91.02,3.49,93.01,79.7,High,2.93,1.51,1,0.88,Medium,5,6.42,2.08,0.66,10,1,5.34,Easy,1,96,48,68.53,10,50.41,D,Pass,Low
STU_000572,17,Female,Public,High,Urban,52.06,,97.09,65.41,Medium,1.77,1.06,0,1.12,High,7,9.56,2.16,0.71,10,1,1.04,Hard,8,100,56,100,10,57.28,D,Pass,Low
STU_000573,18,Male,Public,Upper-Middle,Rural,66.84,2.72,86.47,67.1,Low,2.94,1.79,1,2.65,Medium,6,7.35,3.92,0.23,9,1,2.84,Medium,22,92,61,82.65,9.25,67.18,C,Pass,Medium
STU_000574,20,Female,Public,Middle,Urban,82.41,3.39,89.75,67.71,Low,1.81,1.01,0,6.33,Medium,3,7.22,5.66,2.1,8,1,2.75,Medium,27,91,63,64.98,6.31,69.17,C,Pass,Medium
STU_000575,14,Female,Private,Lower-Middle,Suburban,54.92,2.23,76.43,62.82,High,2.48,1.47,0,0.98,Low,5,6.15,5.79,0.45,10,1,6.86,Medium,27,85,45,91.71,7.76,53.35,D,Pass,Low
STU_000576,19,Female,Private,Low,Rural,60.97,2.64,91.6,64.23,Medium,3.3,2.22,0,1.84,Medium,3,7.7,4.21,8.91,10,1,7.47,Medium,7,85,41,64.8,10,50.84,D,Pass,Low
STU_000577,19,Male,Private,Low,Urban,52.33,2.14,85.55,70.82,Medium,4.27,2.53,1,3.61,Low,3,6.72,7.85,1.77,10,1,0.64,Medium,26,88,51,84.61,9.08,61.46,D,Pass,Medium
STU_000578,19,Male,Private,Upper-Middle,Rural,66.47,2.55,91.45,60.71,Medium,1.47,1.17,0,2.92,Low,7,6.46,6.33,0.8,9,1,0.19,Medium,17,95,50,85.1,10,51.18,D,Pass,Low
STU_000579,17,Male,Private,Lower-Middle,Urban,59.16,2.12,,70.13,Medium,1.48,1.29,0,1.82,Medium,3,7.34,6.22,1.26,9,1,4.88,Medium,20,92,52,69.5,8.3,56.46,D,Pass,Low
STU_000580,18,Female,Public,Middle,Rural,68.82,2.17,87.5,54.33,Low,1.85,0.96,1,0.36,Medium,6,5.3,2.05,0.95,10,1,0.27,Easy,18,89,58,77.73,10,66.94,C,Pass,Medium
STU_000581,17,Male,Private,Upper-Middle,Suburban,70.2,2.68,90.4,81.07,High,5.08,3.05,0,0.59,High,6,8.17,7.99,0.79,10,1,5.19,Hard,20,92,51,71.44,10,56.97,D,Pass,Low
STU_000582,15,Male,Public,Low,Urban,72.29,2.77,89.68,79.26,Medium,3.15,1.97,0,3.49,High,8,6.27,3.23,1.52,10,1,3.72,Medium,25,99,65,73.49,8.42,63.42,D,Pass,Medium
STU_000583,15,Male,Public,Upper-Middle,Rural,59.79,2.43,95.48,91.01,Medium,5.35,3.16,0,0.21,High,7,5.09,6.84,0.79,10,0,0.77,Medium,2,87,40,43.37,10,47.33,F,Fail,Low
STU_000584,18,Male,Private,Upper-Middle,Suburban,82.91,3.42,89.76,75.13,Medium,3.3,2.95,0,3.79,Medium,5,7.3,2.49,1.51,10,1,4.91,Easy,22,94,62,,10,67.21,C,Pass,Medium
STU_000585,20,Female,Public,Low,Suburban,60.03,2.37,78.38,63.99,High,3.25,2.57,0,0.41,Medium,0,7.64,3.59,1.08,7,1,1.65,Hard,1,98,35,60.42,6.03,35.41,F,Fail,Low
STU_000586,17,Male,Charter,Lower-Middle,Rural,68.66,2.86,72.5,62.13,Medium,2.49,1.68,0,2.37,Medium,4,7.74,7.5,1.12,10,1,0.03,Hard,21,100,34,96.52,10,31.6,F,Fail,Low
STU_000587,14,Male,Public,Middle,Suburban,93.76,3.56,72.05,53.41,Low,0.82,0.59,0,2.88,High,5,8.18,5.56,1.93,6,1,0.32,Medium,11,85,62,78,5.39,72.24,C,Pass,Medium
STU_000588,19,Male,Public,Lower-Middle,Suburban,86.97,3.48,100,87.52,Low,3.18,1.9,0,6.72,High,7,5.17,2.88,3.55,10,1,4.2,Hard,4,87,61,58.82,10,69.83,C,Pass,Medium
STU_000589,19,Female,Charter,Low,Rural,70.27,2.7,79.42,81.26,Medium,3.6,2.25,1,0.08,Medium,6,6.07,5.95,6.53,8,1,2.49,Medium,11,92,67,86.41,6.22,71.64,C,Pass,Medium
STU_000590,18,Male,Public,Middle,Urban,66.25,2.84,,79.45,High,3.33,2.12,1,3.74,Low,3,8.91,5.59,4.35,7,1,0.22,Medium,15,95,63,80.65,5.79,68.32,C,Pass,Medium
STU_000591,20,Male,Private,High,Suburban,69.51,2.93,,67.64,High,4.16,2.32,1,1.03,Medium,7,7.1,6.62,1.17,10,1,2.26,Medium,20,89,71,71.22,10,78.41,B,Pass,Medium
STU_000592,15,Male,Public,Middle,Rural,42.77,1.77,92.45,86.94,Low,3.38,2.37,0,0.87,High,9,6.14,5.11,4.5,7,1,1.25,Hard,3,88,34,74.75,6.63,38.32,F,Fail,Low
STU_000593,15,Female,Public,High,Urban,80.72,3.22,88.5,64.15,High,3.94,3.43,0,0.9,Medium,4,6.33,3.66,0.28,10,1,2.36,Medium,24,98,61,82.8,10,62,D,Pass,Medium
STU_000594,19,Female,Charter,Upper-Middle,Urban,60.57,2.38,85.16,93.29,High,4.04,3.21,1,1.58,Low,5,5.93,3.69,1.16,10,1,0.25,Hard,30,85,36,88.01,8.82,37.93,F,Fail,Low
STU_000595,18,Female,Public,Middle,Rural,78.47,3.16,85.63,83.02,Medium,4.7,3.43,0,4.79,Medium,4,5.43,3.7,4.43,10,1,0.64,Medium,27,93,65,65.74,9.75,70,C,Pass,Medium
STU_000596,17,Other,Public,Middle,Urban,67.06,2.82,84.91,57.46,Low,2.64,2.16,0,1.63,Medium,6,7.36,6.91,1.08,10,0,3.36,Easy,6,91,56,58.7,10,63.88,D,Pass,Medium
STU_000597,15,Male,Public,Low,Urban,71.21,2.73,86.62,61.31,High,1.85,1.06,1,2.52,Medium,0,6.54,3.69,0.35,10,0,1.15,Easy,25,90,57,59.68,7.22,63.64,D,Pass,Medium
STU_000598,17,Female,Public,Middle,Suburban,68.39,2.64,,59.6,Medium,0.88,0.49,0,0.71,High,6,7.49,9.62,0.66,9,1,4.99,Medium,4,88,42,94.99,7.12,50.87,D,Pass,Low
STU_000599,20,Male,Public,Middle,Urban,72.46,2.82,93.42,67.81,Medium,1.42,0.79,1,0.37,Medium,7,8.05,5.38,0.4,10,1,4.84,Medium,28,96,70,99.79,8.99,71.85,C,Pass,Medium
STU_000600,15,Female,Public,Low,Suburban,62.24,2.58,80.06,59.79,Medium,4.05,2.91,0,0.24,Low,4,5.04,2.63,0.94,9,1,2.98,Hard,2,93,45,96.34,9.81,47.38,F,Fail,Low
STU_000601,15,Female,Public,Lower-Middle,Urban,78.96,3.36,86.4,67.02,Medium,0.74,0.56,1,2.57,High,4,5.53,4.03,12,10,1,7.26,Medium,21,85,46,76.47,9.67,53.25,D,Pass,Low
STU_000602,16,Male,Public,Low,Suburban,79.02,3.23,66.03,57.72,Low,1.57,0.96,0,1.29,Medium,5,5.87,4.64,3.52,10,1,4.21,Hard,6,89,37,64.69,10,40.28,F,Fail,Low
STU_000603,15,Male,Private,High,Suburban,77.82,,85.43,63.7,Low,2.93,2.58,0,4.55,High,5,6.79,7.23,5.96,10,1,4.78,Medium,22,90,58,66.49,8.8,62.84,D,Pass,Medium
STU_000604,14,Female,Public,Lower-Middle,Suburban,63.61,2.58,80,67.7,Medium,2.59,1.79,0,0.38,High,2,8.42,8.15,2.19,7,1,15.89,Medium,16,86,49,79.07,5.24,56.84,D,Pass,Low
STU_000605,18,Female,Private,Low,Suburban,79.39,3.3,65.02,41.55,Medium,1.92,1.05,0,0.84,Medium,6,7.73,4.89,8.46,10,1,6.18,Medium,9,92,50,61.18,10,50.42,D,Pass,Low
STU_000606,18,Male,Private,Upper-Middle,Suburban,74.69,2.99,95.77,60.34,High,2.86,2.36,0,0.62,Medium,5,7.46,3.93,0.68,8,1,0.92,Easy,5,96,83,47.77,6.13,86.5,A,Pass,High
STU_000607,17,Male,Public,Low,Urban,57.97,2.24,88.11,85.31,Medium,4.55,3.24,1,1.96,Medium,7,7.59,3.95,2.21,10,1,2.73,Easy,26,91,61,81.58,8.1,68.48,C,Pass,Medium
STU_000608,20,Female,Public,Middle,Urban,65.87,2.77,85.55,77.2,Medium,2.52,2.01,0,1.82,High,1,5.85,5.11,5.76,10,1,1.62,Easy,22,88,56,100,8.38,61.56,D,Pass,Medium
STU_000609,15,Male,Private,Low,Suburban,68.57,2.68,87.4,81.8,Low,6.79,4.92,0,3.7,Medium,12,7.01,9.07,0.03,10,1,4.27,Easy,20,100,96,100,10,96.38,A,Pass,High
STU_000610,14,Female,Charter,Low,Suburban,55.67,2.06,91.08,61.98,Medium,4.07,3.05,0,4.17,Medium,6,5.62,2.94,1.01,10,1,4.25,Medium,5,85,45,52.06,10,53.4,D,Pass,Low
STU_000611,17,Female,Private,Middle,Rural,60.01,2.52,75.41,58.98,High,1.1,0.77,0,2.02,Medium,5,3.66,2.54,3.78,10,0,0.57,Medium,7,97,42,77.39,7.91,44.8,F,Fail,Low
STU_000612,16,Female,Public,Low,Suburban,54.55,2.32,65.35,64.71,Medium,3.15,2.32,0,0.47,Low,2,6.82,6.96,1.23,10,1,1.29,Hard,6,100,32,69.38,10,32.35,F,Fail,Low
STU_000613,17,Female,Public,Upper-Middle,Urban,71.17,2.96,86.14,67.04,Medium,5.36,3.37,0,0.84,High,4,7.06,8.26,1.89,10,1,1.5,Easy,3,89,70,85.23,8.82,77.66,B,Pass,Medium
STU_000614,17,Female,Public,Lower-Middle,Urban,74.81,3.02,75.67,58.53,Low,0.67,0.48,1,2.94,High,5,8.44,5.95,1.31,10,0,0.23,Easy,13,88,66,82.48,8.75,75.39,B,Pass,Medium
STU_000615,15,Female,Public,High,Rural,81.87,3.23,81.34,65.18,Medium,2.15,1.71,1,0.58,Medium,4,6.8,3.67,0.54,10,1,7.48,Medium,28,90,72,100,10,78.04,B,Pass,Medium
STU_000616,16,Female,Private,Middle,Rural,65.98,2.79,77.22,58.51,Low,2.83,1.78,0,0.83,High,11,6.23,5.07,5.63,10,1,1.47,Medium,9,93,60,86.22,9.04,63.26,D,Pass,Medium
STU_000617,17,Female,Private,Middle,Urban,90.04,,78.93,61.03,Medium,0.77,0.66,0,0.72,Medium,4,7.11,4.89,0.45,9,1,1.19,Hard,2,89,31,62.99,9.87,34.45,F,Fail,Low
STU_000618,14,Male,Public,Low,Urban,66.51,2.7,71.44,66.23,Medium,4.36,2.37,0,1.35,Low,4,5.82,6.46,2.25,10,1,1.93,Medium,28,98,64,83.87,10,63.55,D,Pass,Medium
STU_000619,14,Female,Public,High,Urban,75.06,3.03,91.33,85.33,Low,6.58,3.63,0,4.19,High,8,7.68,4.55,3.17,9,1,3.2,Hard,3,89,65,100,9.72,78.57,B,Pass,Medium
STU_000620,18,Female,Public,Middle,Suburban,85.03,,85.94,56.56,High,2.4,1.92,1,0.33,Medium,9,6.91,5.36,1.23,10,1,4.35,Easy,10,94,91,75.21,9.17,96.37,A,Pass,High
STU_000621,16,Female,Public,High,Suburban,83.26,3.26,82.7,64.44,Medium,2.64,2.29,1,2.96,High,8,7.71,5.83,5.38,10,0,9.12,Medium,18,94,84,82.41,8.93,89.88,A,Pass,High
STU_000622,16,Female,Public,Middle,Urban,89.12,3.72,69.63,50.29,Low,0.72,0.39,0,1.65,High,6,6.98,7.03,12,10,1,1.56,Medium,25,97,49,73.47,8.92,49.27,F,Fail,Low
STU_000623,18,Female,Charter,Middle,Rural,78.39,3.11,79.38,59.17,Medium,1.9,1.13,0,3.03,Low,5,8.78,5.34,0.3,10,1,1.9,Medium,15,96,65,84.49,10,70.21,C,Pass,Medium
STU_000624,17,Female,Private,Middle,Urban,58.8,2.27,83.66,48.81,Medium,2.07,1.57,1,0.48,Low,9,8.55,6.47,0.6,10,1,1.87,Easy,23,89,73,88.56,10,79.6,B,Pass,Medium
STU_000625,16,Male,Public,Lower-Middle,Urban,63.45,2.68,92.06,88.32,Medium,4.02,2.71,1,0.95,High,4,7.72,3.75,4.75,10,1,2.55,Easy,7,95,70,76,8.45,70.85,C,Pass,Medium
STU_000626,14,Male,Private,Lower-Middle,Urban,47.36,1.97,91.91,69.96,Medium,3.84,2.16,0,4.65,Low,10,7.73,8.58,2.57,9,1,5.1,Easy,14,89,54,,9.01,57.12,D,Pass,Low
STU_000627,14,Male,Public,Upper-Middle,Urban,53.56,2.14,75.88,72.68,High,2.13,1.56,0,2.85,Medium,6,7.39,7.45,0.31,8,1,1.15,Easy,17,100,58,94.63,10,56.49,D,Pass,Low
STU_000628,15,Female,Public,Lower-Middle,Urban,84.02,,86.95,55.69,Medium,2.63,1.87,0,6.54,Medium,8,6.12,6.42,6.22,10,1,0.33,Easy,29,100,82,,10,82.1,B,Pass,High
STU_000629,16,Male,Public,Lower-Middle,Rural,67.08,2.54,82.15,81.48,Medium,1.81,1.13,0,1.34,High,5,7.25,2.84,0.1,10,1,9.01,Medium,30,87,54,96.67,10,61.34,D,Pass,Medium
STU_000630,17,Male,Public,Upper-Middle,Suburban,77.78,3.51,79.65,72.76,Medium,4.03,2.33,0,2.06,Low,2,7.37,5.99,0.97,10,1,8.38,Medium,9,98,64,53.49,10,70.03,C,Pass,Medium
STU_000631,18,Male,Public,Upper-Middle,Suburban,64.68,2.44,91.13,65.35,High,1.95,1.72,1,0.63,Low,6,8.37,5.34,0.54,10,1,8.15,Medium,15,100,50,44.17,9.67,51.38,D,Pass,Low
STU_000632,18,Male,Private,Low,Urban,88.42,3.66,86.14,73.29,Medium,3.21,2.2,0,1.35,Medium,3,9.37,6.95,7.98,10,1,1.48,Easy,18,86,70,,10,80.77,B,Pass,High
STU_000633,17,Female,Private,Middle,Urban,70.19,2.81,88.51,68.75,Medium,2.04,1.03,0,1.37,Medium,4,9.88,5.71,10.27,10,1,2.68,Medium,30,93,50,,10,53.6,D,Pass,Low
STU_000634,20,Male,Private,Upper-Middle,Suburban,88.67,3.78,85.69,66.75,High,5.52,3.37,1,1.54,Low,5,7.09,7.34,6.16,10,1,10.8,Easy,13,89,84,,7.92,94.68,A,Pass,High
STU_000635,19,Male,Charter,Upper-Middle,Rural,86.07,3.23,92.22,71.35,Medium,2.92,1.81,0,0.57,Medium,3,6.79,2.69,11.47,10,1,2.68,Medium,22,96,63,74.32,7.33,68.79,C,Pass,Medium
STU_000636,15,Female,Public,Upper-Middle,Suburban,63.54,2.67,80.79,76.62,High,5.14,4.09,0,2.91,Medium,7,6.4,4.34,2.84,10,1,3.88,Medium,20,88,65,,8.64,76.65,B,Pass,Medium
STU_000637,18,Female,Public,Upper-Middle,Rural,71.34,2.74,85.85,74.73,Medium,4.79,2.96,0,0.77,Medium,6,5.96,1,2.39,10,1,1.64,Medium,4,99,46,51.14,10,47.99,F,Fail,Low
STU_000638,16,Male,Public,Lower-Middle,Urban,42.07,1.95,80.82,48.72,High,3.02,2.13,1,0.07,Medium,2,7.2,8.14,1.31,10,1,13.18,Hard,14,95,33,58.78,10,35.57,F,Fail,Low
STU_000639,15,Female,Private,Middle,Urban,60.29,2.32,94.2,76.5,Medium,5.14,3.22,1,4.56,Low,4,7.3,5.48,8.43,10,1,7.4,Medium,8,95,52,59.4,10,53.33,D,Pass,Low
STU_000640,16,Male,Public,Upper-Middle,Urban,68.2,2.92,71.59,65.4,Low,2.51,2,1,0.18,Medium,4,9.51,4.03,0.04,10,1,8.06,Hard,30,94,52,,7.22,53.95,D,Pass,Low
STU_000641,20,Female,Charter,Lower-Middle,Urban,74.62,2.88,87.33,84,Low,4.5,3.29,0,5.67,Medium,3,5.73,5.72,6.92,10,1,0.16,Medium,28,92,55,,10,60.82,D,Pass,Medium
STU_000642,14,Male,Public,Low,Suburban,45.44,1.91,60.07,46.33,Low,3.41,2.29,0,0.31,Medium,4,6.75,4.96,5.12,8,1,3.07,Easy,16,93,51,72.72,7.44,52.41,D,Pass,Low
STU_000643,15,Male,Private,Low,Urban,84.46,3.45,82.09,78.07,Low,2.75,1.89,0,0.81,Medium,6,6.32,6.29,1.11,10,1,3.58,Hard,21,85,55,98.2,8.88,64.95,D,Pass,Medium
STU_000644,18,Male,Private,Upper-Middle,Urban,89.82,3.53,88.21,76.71,Low,2.69,1.91,0,2.98,Low,10,4.49,7.16,0.03,10,1,0.28,Easy,8,92,72,80.41,10,75.55,B,Pass,Medium
STU_000645,15,Male,Private,Upper-Middle,Suburban,79.14,,88.74,63.93,High,1.18,0.66,0,0.35,Low,1,5.83,2.49,0.78,10,1,1.36,Medium,11,95,57,,10,61.31,D,Pass,Medium
STU_000646,15,Male,Public,Middle,Urban,70.83,2.71,99.24,87.04,Low,1.87,1.16,0,0.57,High,7,6.37,7.14,0.92,8,1,2.65,Medium,27,97,75,59.93,5.85,78.63,B,Pass,Medium
STU_000647,15,Male,Public,Middle,Urban,69.41,2.71,68.14,66.99,Medium,4.51,2.36,1,3.27,Medium,6,5.86,4.58,5.53,9,1,4.87,Medium,18,91,55,83.65,9.04,63.42,D,Pass,Medium
STU_000648,19,Female,Public,Lower-Middle,Urban,52.54,2.43,84.65,86.34,Medium,5.45,4.88,0,3.85,High,5,4.46,5.08,1.76,10,1,1.33,Hard,29,98,48,100,9.38,47.65,F,Fail,Low
STU_000649,15,Male,Public,Lower-Middle,Suburban,68.11,2.61,82.6,55.28,High,3.02,2.7,0,4.1,Low,5,7.25,6.52,4.49,9,1,0.97,Medium,26,99,73,85.12,7.17,71.34,C,Pass,Medium
STU_000650,16,Female,Public,Middle,Urban,67.77,2.65,85.61,65.73,High,2.14,1.45,1,1.14,Medium,5,8.6,5.84,0.4,10,1,7.91,Medium,28,86,40,83.29,10,49.01,F,Fail,Low
STU_000651,14,Female,Private,Upper-Middle,Suburban,74.18,3.05,81.07,77.56,High,7.07,5.94,1,0.05,High,7,7.29,1.69,4.76,10,1,2.11,Medium,18,100,70,73.63,8.07,70.43,C,Pass,Medium
STU_000652,20,Male,Private,Upper-Middle,Urban,74.64,2.81,75.63,65.18,Medium,1.07,0.74,1,2.05,Medium,5,7.38,4.04,1.48,8,1,0.51,Easy,5,99,57,100,9.45,59.09,D,Pass,Low
STU_000653,17,Female,Private,Low,Urban,73.51,2.88,,87.18,High,2.66,1.81,0,0.35,High,6,7.03,7.17,2.14,10,1,1.84,Hard,10,86,55,67.98,10,63.95,D,Pass,Medium
STU_000654,15,Male,Private,Upper-Middle,Suburban,76.6,3.32,,57.16,Medium,3,1.58,0,0.13,Medium,3,7.58,7.18,2.77,10,1,8.47,Easy,11,85,57,,10,68.64,C,Pass,Medium
STU_000655,18,Female,Private,Middle,Rural,60.04,2.17,,59.85,High,1.39,1.21,1,0.15,Medium,2,5.89,8.99,4.94,10,1,6.37,Medium,29,96,37,94.58,9.01,36.5,F,Fail,Low
STU_000656,15,Female,Private,Lower-Middle,Suburban,64.35,2.59,90.92,61.5,Medium,0.5,0.27,1,1.15,Low,6,8,4.02,0.79,8,1,3.69,Hard,15,98,52,61.52,9.32,53.05,D,Pass,Low
STU_000657,18,Female,Public,Upper-Middle,Suburban,62.13,,,67.63,Medium,4.6,3.46,1,6.42,Low,8,8.75,5.33,2.41,10,1,2.2,Medium,10,88,77,80.22,4.96,84.3,B,Pass,High
STU_000658,16,Female,Public,Lower-Middle,Suburban,79.15,3.19,88.96,57.34,Low,2.21,1.15,0,1.22,Low,1,7.48,6.41,1.27,9,1,8.97,Medium,20,100,58,98.04,10,59.72,D,Pass,Low
STU_000659,18,Male,Charter,Lower-Middle,Rural,57.25,2.38,84.51,57.13,Medium,1.06,0.58,0,1.31,High,8,5.73,4.5,1.37,10,1,3.17,Hard,10,89,47,95.53,9.2,54.65,D,Pass,Low
STU_000660,17,Male,Private,Low,Urban,65.82,2.62,,64.93,Medium,1.73,1.15,0,2.6,High,6,7.33,4.19,0.56,10,1,6.85,Medium,30,100,70,73.94,8.87,68.09,C,Pass,Medium
STU_000661,14,Male,Public,Middle,Suburban,65.8,2.78,94.41,75.49,High,1.34,0.67,1,1.7,Medium,7,7.27,8.33,5.77,10,1,0.33,Easy,2,97,48,86.12,10,51.51,D,Pass,Low
STU_000662,18,Male,Public,Middle,Suburban,63.98,2.46,78.38,66.67,Medium,3.2,2.31,1,0.6,Medium,9,8.91,7.34,6.5,10,1,0.5,Easy,18,92,78,100,9.98,84.05,B,Pass,High
STU_000663,18,Female,Private,Low,Urban,69.99,2.86,68.32,72.78,Medium,3.99,2.08,0,2.45,Medium,7,5.66,4.64,1.45,9,1,2.19,Medium,15,89,53,39.34,8.97,58.76,D,Pass,Low
STU_000664,14,Female,Charter,Low,Urban,65.37,2.42,,68.17,Medium,2.31,1.79,1,4.19,Medium,5,8.25,7.18,4.27,10,1,13.67,Easy,27,91,57,88.99,9.23,60.76,D,Pass,Medium
STU_000665,17,Female,Public,Lower-Middle,Rural,79.38,,73.13,69.1,High,7.36,5.88,0,0.99,Medium,5,6.81,2.89,0.64,10,1,2.54,Medium,21,99,75,55.02,9.3,76.11,B,Pass,Medium
STU_000666,15,Female,Private,Lower-Middle,Urban,59.81,2.23,89.36,90.42,Low,3.91,2.02,0,3.52,High,4,5.68,5.83,0.34,10,1,1.67,Easy,12,96,60,90.32,10,64.15,D,Pass,Medium
STU_000667,18,Male,Private,Lower-Middle,Suburban,87.2,3.23,94.36,79.34,Medium,3.69,2.2,0,3.58,Medium,7,5.22,3.57,5.37,10,1,0.54,Easy,4,97,69,66.83,8.14,72.19,C,Pass,Medium
STU_000668,14,Female,Public,Middle,Rural,65.69,2.57,84.39,54.86,High,0.62,0.36,0,3.43,Medium,4,6.45,6.77,1.73,10,1,0.63,Hard,28,94,31,66.54,9.89,31.98,F,Fail,Low
STU_000669,16,Male,Public,Lower-Middle,Urban,65.53,2.82,86.34,72.93,Medium,2.62,2.27,1,2.13,Medium,6,6.03,5.15,0.85,10,1,4.37,Hard,15,92,48,50.37,8.61,51.14,D,Pass,Low
STU_000670,14,Male,Private,Middle,Rural,81.42,3.2,98.68,88.59,Medium,6.55,4.1,1,0.02,High,10,5.82,5.28,6.76,10,1,2.59,Hard,15,91,66,63.84,10,73.17,C,Pass,Medium
STU_000671,16,Male,Private,Middle,Rural,53.64,2.4,97.3,79.24,Low,2.4,1.43,0,7.42,High,5,4.59,3.29,1.42,10,1,0.63,Easy,1,94,45,94.01,9.54,49,F,Fail,Low
STU_000672,17,Male,Private,Low,Suburban,91.82,3.72,59.73,52.45,Medium,1.53,1.06,0,0.08,Medium,5,5.6,1.36,0.48,10,1,0.19,Hard,30,100,62,91.53,8.84,61.74,D,Pass,Medium
STU_000673,15,Male,Private,Low,Suburban,44.01,1.76,78.65,64.3,Low,5.96,3.64,0,1.47,Medium,6,7.69,4.62,1.14,10,1,3.04,Easy,17,92,61,95.37,10,66.56,C,Pass,Medium
STU_000674,14,Male,Private,Lower-Middle,Suburban,58.9,2.7,,58.17,Medium,2.78,1.86,1,1.79,Medium,3,5.77,5.64,4.82,10,0,0.45,Hard,20,96,43,93.72,9.82,44.76,F,Fail,Low
STU_000675,20,Other,Charter,High,Suburban,82.34,3.19,86.2,58.47,Medium,0.57,0.42,1,1.38,Medium,7,6.47,5.92,0.33,10,1,1.95,Medium,13,86,45,66.56,10,50.74,D,Pass,Low
STU_000676,20,Female,Private,Upper-Middle,Suburban,64.74,2.54,84.08,51.82,Low,1.59,0.92,0,0.9,Medium,4,6.8,6.24,0.68,10,1,1.3,Medium,30,94,44,84.41,9.84,48.12,F,Fail,Low
STU_000677,19,Female,Private,Low,Rural,71.21,3.02,85.77,72.38,Low,3.19,2.82,0,0.73,Medium,8,5.6,3.44,0.36,10,1,2.88,Hard,1,96,31,,10,31.28,F,Fail,Low
STU_000678,18,Male,Private,Lower-Middle,Suburban,59.33,2.08,84.21,74.95,High,2.89,2.08,0,1.53,Medium,3,6.18,1.77,1.21,10,0,0.2,Hard,1,95,29,76.47,8.34,30.08,F,Fail,Low
STU_000679,17,Male,Public,Lower-Middle,Rural,72.34,2.89,75.3,61.88,High,2.86,1.88,0,2.48,High,7,5.7,5.21,1.63,10,1,1.81,Hard,6,91,40,56.29,9.28,47.3,F,Fail,Low
STU_000680,14,Male,Private,Lower-Middle,Urban,70.51,,79.38,43.32,Medium,0.99,0.79,0,0.07,Low,3,6.85,5.13,1,10,1,2.84,Hard,17,87,33,81.56,10,39.81,F,Fail,Low
STU_000681,20,Female,Public,High,Suburban,72.52,3.07,82.57,70.41,Low,5.21,4.59,1,2.95,Medium,4,6.54,7.64,3.6,10,1,11.64,Medium,18,95,81,100,9.53,82.39,B,Pass,High
STU_000682,18,Female,Charter,Upper-Middle,Suburban,72.5,2.91,,51.61,High,1.87,1.52,1,0.45,Medium,11,7.08,4.06,2.45,10,1,3.28,Hard,30,86,56,83.59,10,67.05,C,Pass,Medium
STU_000683,20,Male,Public,Lower-Middle,Urban,76.85,3.14,86.02,73.93,Low,3.9,2.42,1,0.71,Low,6,6.06,3.72,0.35,7,1,0.61,Hard,23,99,66,61.62,4.84,63.12,D,Pass,Medium
STU_000684,14,Female,Private,Lower-Middle,Suburban,81.12,3.28,97.64,74.71,Medium,2.56,2.03,1,0.78,Medium,6,8.53,4.76,2.23,10,1,12.04,Hard,27,89,78,85.07,8.1,88.27,A,Pass,High
STU_000685,16,Male,Public,Lower-Middle,Suburban,70.3,2.71,86.6,98.26,High,2.48,2.08,1,2.97,High,3,6.89,8.81,0.57,10,1,4.2,Easy,11,95,52,,10,53.26,D,Pass,Low
STU_000686,14,Male,Public,Middle,Urban,77.92,3.02,100,67.87,Medium,1.51,1.12,1,1.17,Medium,3,6.78,8.59,2.23,9,1,1.94,Medium,10,97,54,95.21,8.76,57.65,D,Pass,Low
STU_000687,19,Other,Public,Low,Suburban,59.82,2.63,83.61,65.68,High,2.36,1.57,0,1.47,Medium,4,4.25,5.36,0.88,9,1,5.21,Hard,8,95,46,79.55,9.93,46.83,F,Fail,Low
STU_000688,14,Male,Public,Lower-Middle,Urban,70.56,2.94,81.19,61.3,Medium,5.32,3.43,0,2.6,High,12,7.9,3.98,0.58,10,1,0.17,Hard,17,90,58,87.87,8.81,65.08,C,Pass,Medium
STU_000689,14,Female,Public,Low,Urban,58.7,2.26,79.58,64.27,Medium,1.68,0.84,1,0.31,High,4,7.35,7.15,6.59,8,1,0.46,Medium,29,87,52,86.93,8.31,56.68,D,Pass,Low
STU_000690,19,Female,Public,Middle,Rural,70.05,2.75,66.23,56.09,Medium,2.88,2.33,0,3.87,Medium,3,6.64,6.15,2.81,10,1,0.47,Hard,27,86,45,100,9.6,50.69,D,Pass,Low
STU_000691,17,Male,Private,Low,Suburban,80.06,3.37,73.62,58.98,Medium,2.41,1.63,0,0.07,High,5,8.5,2.29,0.25,8,1,2.13,Medium,20,88,71,57.57,10,81.17,B,Pass,High
STU_000692,14,Other,Public,High,Urban,77.35,2.95,91.31,77.78,Medium,1.19,0.62,0,0.51,Medium,4,4.73,5.3,5.17,10,1,3.03,Hard,12,89,37,63.88,10,43.77,F,Fail,Low
STU_000693,19,Male,Public,Upper-Middle,Urban,70.89,2.64,87.32,73.76,Low,5.65,3.38,0,0.19,High,10,8.4,1.88,1.52,10,1,2.96,Hard,8,92,63,86.31,8.94,68.03,C,Pass,Medium
STU_000694,18,Male,Private,Upper-Middle,Rural,83.43,3.43,94.85,69.92,High,2.28,1.38,0,2.6,Medium,7,7.44,4.72,1.43,9,0,7.72,Medium,17,85,51,56.41,8.19,62.73,D,Pass,Medium
STU_000695,16,Male,Public,Middle,Urban,64.3,2.64,,68.71,Medium,1.92,1.54,1,2.26,Medium,3,8.85,7.65,2.28,10,1,4.22,Easy,5,94,77,85.99,9.32,79.64,B,Pass,Medium
STU_000696,16,Male,Public,Upper-Middle,Suburban,78.26,2.98,90.37,95.64,Low,4.65,2.87,0,1,Medium,6,5.11,4.14,2.93,10,1,5.26,Easy,7,90,80,81.14,10,89.09,A,Pass,High
STU_000697,14,Male,Public,High,Urban,67.78,2.54,91.64,78.47,High,0.5,0.43,1,1.15,Medium,6,7.53,7.26,0.63,10,1,1.58,Medium,14,96,66,100,9.89,67.82,C,Pass,Medium
STU_000698,17,Female,Public,Upper-Middle,Suburban,53.07,2.39,98.3,81.87,High,6.31,3.88,0,2.77,Medium,12,7.59,5.47,5.78,10,1,7.95,Medium,22,98,72,80.81,10,73.83,C,Pass,Medium
STU_000699,17,Male,Public,Middle,Urban,64.43,,,57.19,Medium,1.11,0.58,0,2.08,Medium,5,6.47,6.05,0.81,9,1,2.64,Hard,29,94,52,87.61,7.42,57.24,D,Pass,Low
STU_000700,18,Male,Private,Lower-Middle,Rural,65.2,2.62,92.41,80.93,Medium,5.95,4.58,0,1.22,High,5,6.09,5.34,0.91,10,1,5.57,Hard,4,94,36,60.31,10,40.69,F,Fail,Low
STU_000701,14,Male,Private,Upper-Middle,Suburban,75.51,3.18,87.43,65.13,Low,1.69,1.07,0,2.86,Low,2,6.11,1,6.53,7,1,0.96,Hard,18,98,61,56.68,3.94,61.73,D,Pass,Medium
STU_000702,16,Male,Private,Lower-Middle,Rural,61.09,,85.32,65.23,Medium,1.22,0.82,1,2.1,Medium,9,7.34,1.05,0.17,10,1,9.9,Medium,2,89,43,70.63,9.58,48.53,F,Fail,Low
STU_000703,17,Female,Public,Lower-Middle,Urban,70.7,2.88,82.62,43.12,Low,2.48,1.75,0,2.93,Medium,2,7.19,2.47,1.42,10,1,0.03,Hard,19,95,44,53.71,10,46.16,F,Fail,Low
STU_000704,14,Female,Public,Low,Rural,57,,98.94,92.41,Low,1.55,0.84,0,2.54,Medium,5,6.65,4.46,2.51,10,1,4.78,Hard,17,90,57,100,9.9,63.58,D,Pass,Medium
STU_000705,20,Female,Public,Upper-Middle,Urban,60.37,2.38,76.2,79.52,Low,3.21,2.82,1,0.03,Medium,3,8.89,4.15,5.34,9,1,0.15,Easy,9,93,65,71.28,8.89,67.63,C,Pass,Medium
STU_000706,17,Male,Private,Middle,Urban,90.94,3.86,80.89,71.66,Medium,2.68,1.48,1,0.16,High,7,9.55,4.63,2.59,10,1,1.77,Medium,12,100,82,94.13,10,80.6,B,Pass,High
STU_000707,19,Female,Public,Middle,Urban,56.56,2.59,73.85,68.61,Medium,2.89,1.82,0,0.26,Medium,4,6.2,5.96,4.51,8,1,2.2,Easy,27,92,41,79.59,9.41,47.17,F,Fail,Low
STU_000708,20,Male,Charter,Low,Urban,73.59,2.95,82.25,62.21,Medium,3.39,1.92,1,1.15,Medium,10,7.52,1,10.85,7,1,0.21,Medium,2,95,68,83.95,7.11,72.99,C,Pass,Medium
STU_000709,17,Male,Public,Lower-Middle,Suburban,55.86,2.44,72.16,72.52,Medium,2.27,1.15,1,2.49,Medium,8,5.92,5.62,0.56,8,1,0.64,Easy,29,91,54,94.03,8.79,61.07,D,Pass,Medium
STU_000710,16,Female,Public,Lower-Middle,Urban,77.75,3.16,85.68,81.18,High,3.8,2.04,0,0.6,Medium,8,7.44,2.53,1.21,10,1,0.64,Easy,22,94,70,77.83,10,74.35,C,Pass,Medium
STU_000711,15,Female,Public,Low,Urban,69.58,2.69,83.57,55.08,Low,3.66,2.33,0,4.19,Low,7,6.39,5.84,0.99,10,1,2.04,Hard,28,100,63,54.58,9.32,62.53,D,Pass,Medium
STU_000712,20,Male,Private,Middle,Rural,74.24,2.82,92.01,52.8,Medium,2.08,1.2,1,1.44,Low,8,7.41,2.72,4.32,9,1,2.84,Medium,26,87,53,69.12,4.58,61.32,D,Pass,Medium
STU_000713,18,Female,Public,Lower-Middle,Urban,76.86,3.06,73.18,69.81,Medium,3.81,2.45,0,0.44,Medium,5,8.21,6.87,1.41,8,1,1.85,Medium,17,91,73,91.69,6.84,78.09,B,Pass,Medium
STU_000714,18,Female,Charter,Low,Urban,87.32,3.28,82.96,50.34,High,0.75,0.46,0,1.04,Medium,7,6.93,4.13,0.96,10,1,1.65,Hard,12,90,59,100,8.71,64.68,D,Pass,Medium
STU_000715,16,Female,Public,Middle,Urban,62.89,2.14,,54.25,Low,1.23,0.92,1,3.84,Medium,5,6.17,6.21,5.95,10,1,11.54,Easy,19,100,56,64.55,10,53.89,D,Pass,Low
STU_000716,17,Male,Public,Low,Urban,70.97,2.9,83.13,73.14,Medium,6.92,6.12,0,0.17,Medium,8,7.65,5.63,0.98,10,1,0.3,Medium,3,92,73,,9.01,78.22,B,Pass,Medium
STU_000717,14,Male,Public,Middle,Suburban,69.27,2.84,90.11,50.74,Medium,2.51,2.24,0,0.2,High,5,8.35,3.19,0.62,7,1,1.21,Medium,25,86,54,81.22,8.74,64.72,D,Pass,Medium
STU_000718,17,Male,Private,Lower-Middle,Urban,88.26,,95.36,83.79,Low,4.52,2.49,0,0.51,Medium,11,5.57,5.17,0.91,9,1,1.42,Hard,9,94,62,69.24,9.4,67.71,C,Pass,Medium
STU_000719,16,Female,Public,Middle,Urban,75.64,2.83,,65.78,High,2.81,1.64,0,0.1,Low,6,7.59,3.29,8.42,10,1,6.26,Easy,30,85,64,58.06,7.2,75.3,B,Pass,Medium
STU_000720,18,Female,Public,Lower-Middle,Suburban,83.27,3.11,80.96,69.15,Low,2.89,2.07,0,1.16,Medium,5,4.96,3.87,2.02,9,1,1.9,Medium,1,87,36,94.37,10,45.28,F,Fail,Low
STU_000721,17,Male,Charter,Lower-Middle,Urban,61.52,2.54,96.74,76.98,Medium,1.8,0.95,0,0.33,Medium,7,4.14,5.07,3.18,10,1,1.49,Easy,1,94,40,,10,41.16,F,Fail,Low
STU_000722,18,Male,Public,Middle,Rural,70.25,2.49,100,87.07,Medium,2.21,1.29,0,4.54,Low,2,5.47,9.43,10.52,8,1,1.91,Easy,18,85,56,99.73,10,64.1,D,Pass,Medium
STU_000723,20,Female,Public,Lower-Middle,Urban,63.59,2.51,91.31,72.64,Low,1.52,0.76,0,4.19,Medium,7,8.03,6.26,9.58,10,1,2.47,Easy,21,98,60,73.42,8.25,62.96,D,Pass,Medium
STU_000724,14,Female,Public,Middle,Urban,84.32,3.48,100,81.81,Medium,2.52,1.27,0,1.56,High,2,6.73,6.81,2.73,10,1,5.85,Easy,28,99,75,97.59,10,76.59,B,Pass,Medium
STU_000725,20,Female,Public,Upper-Middle,Rural,56.8,2.29,89.45,87.36,Medium,5.59,2.89,0,2.83,Low,5,6.53,1,0.98,10,1,0.61,Medium,13,92,59,,7.86,60.31,D,Pass,Medium
STU_000726,18,Female,Charter,Low,Rural,65.82,2.24,82.31,83.25,Medium,1.96,1.75,0,2.76,Medium,3,7.74,4.58,5.17,8,1,1.04,Medium,3,85,42,44.35,9.75,51.53,D,Pass,Low
STU_000727,18,Male,Public,Middle,Urban,63.34,2.58,92.88,74.18,High,3.84,2.91,1,1.42,Low,4,6.57,5.79,1.11,10,1,0.47,Easy,21,100,64,,9.72,63.95,D,Pass,Medium
STU_000728,15,Male,Public,Upper-Middle,Urban,78.65,3.24,,87.6,Medium,8.61,4.59,0,2.88,Medium,4,7.68,5.19,0.57,10,1,1.31,Medium,2,85,48,74.57,10,57.46,D,Pass,Low
STU_000729,15,Male,Private,Low,Urban,70.45,2.64,,71.11,Low,5.76,3.61,0,0.76,Medium,9,7.57,5.48,8.49,8,1,7.69,Medium,15,89,74,76.53,10,84.18,B,Pass,High
STU_000730,20,Female,Public,Low,Urban,61.83,2.5,87.13,42.17,Low,1.46,0.8,0,0.24,Medium,5,7.15,9.07,3.8,8,1,1.46,Easy,30,96,60,78.33,6.55,64.55,D,Pass,Medium
STU_000731,19,Female,Public,High,Suburban,56.88,2.12,83.12,80.46,Low,4.42,3.8,0,1.56,Medium,12,7.25,7.21,1.67,10,0,5.43,Medium,8,88,45,76.34,8.87,53.2,D,Pass,Low
STU_000732,20,Male,Private,Upper-Middle,Urban,77.12,3.24,100,81.75,Medium,3.56,2.16,0,0.6,Medium,1,6.93,4.72,2.66,10,0,0.67,Easy,21,93,71,86.5,7.34,75.97,B,Pass,Medium
STU_000733,15,Male,Charter,Low,Suburban,71.61,2.72,78.52,68.26,Low,3.55,2.55,0,2.21,Medium,6,5.3,3.33,0.94,10,1,2.37,Easy,26,87,60,81.47,9.37,71.49,C,Pass,Medium
STU_000734,18,Other,Public,Lower-Middle,Rural,69.76,2.58,89.62,65.26,Medium,1.61,1.35,0,3.7,Medium,6,7.75,7.02,0.74,10,1,5.51,Medium,10,100,84,84.94,9.24,83.95,B,Pass,High
STU_000735,16,Male,Private,Low,Urban,76.36,2.97,68.89,57.17,Medium,4.7,2.84,0,0.17,High,3,6.66,5.8,3.43,10,1,9.2,Medium,10,94,60,70.68,7.6,64.12,D,Pass,Medium
STU_000736,20,Male,Public,Low,Urban,74.49,3.06,89.96,77.34,Medium,2.09,1.57,0,4.4,Low,3,7.15,3.47,1.08,10,1,3.08,Hard,30,98,61,88.62,9.36,62.31,D,Pass,Medium
STU_000737,18,Male,Public,Low,Suburban,59.77,2.2,88.48,51.26,Medium,0.81,0.53,0,2.15,Low,4,6.22,5.71,1.51,8,1,3.75,Medium,8,93,52,100,8.84,56.87,D,Pass,Low
STU_000738,16,Female,Public,Low,Urban,49.84,2.12,87.65,73.4,Medium,0.5,0.34,0,6.21,High,1,7.99,4.44,8.53,9,1,3.08,Medium,9,98,34,65.94,8.05,36.43,F,Fail,Low
STU_000739,16,Female,Charter,High,Suburban,79.33,3.35,94.99,70.2,Low,0.99,0.79,0,0.13,Low,8,7.92,2.85,0.68,10,1,7.61,Medium,1,88,35,71.77,9.27,38.07,F,Fail,Low
STU_000740,15,Female,Private,Lower-Middle,Suburban,49.98,1.79,86.51,53.27,Medium,2.6,1.95,0,1.33,High,4,6.06,5.4,0.68,8,1,2.33,Medium,22,90,46,65.91,6.08,47.97,F,Fail,Low
STU_000741,20,Female,Private,Low,Rural,65.9,2.58,77.97,69.72,Medium,5.25,4.6,0,1.84,Medium,7,6.68,7.29,0.92,10,1,1.05,Easy,11,90,68,85.31,8.19,74.35,C,Pass,Medium
STU_000742,17,Female,Public,Low,Suburban,65.16,2.52,85.59,48.36,Low,0.66,0.43,0,5.97,Medium,2,7.84,3.54,0.82,10,0,0.91,Medium,12,94,22,51.05,10,24.12,F,Fail,Low
STU_000743,14,Female,Private,Middle,Urban,71.12,2.83,87.93,72.97,Low,3.94,2.07,0,1.5,High,9,9.26,8,2.39,10,1,11.4,Easy,19,93,72,76.59,10,75.43,B,Pass,Medium
STU_000744,15,Male,Public,Low,Urban,83.37,3.32,80.91,73.85,Low,4.31,2.55,0,0.63,Medium,11,8.08,6.14,1.1,10,1,1.78,Medium,14,89,69,52.42,10,76.43,B,Pass,Medium
STU_000745,15,Female,Private,Lower-Middle,Urban,65.9,2.99,,50.88,High,5.44,2.74,0,0.34,Low,8,7.08,4.65,0.99,9,1,0.53,Medium,21,96,75,74,10,76.31,B,Pass,Medium
STU_000746,17,Female,Public,High,Urban,56.34,2.23,81.83,66.18,Medium,1.01,0.62,0,1.42,Medium,1,3.87,6.74,3.37,10,1,3.67,Medium,13,86,45,100,10,50.23,D,Pass,Low
STU_000747,14,Male,Private,Middle,Urban,61.41,2.71,88.49,74.07,Low,1.13,0.9,1,0.93,Medium,8,9.8,3.66,1.68,10,1,1.02,Hard,23,100,49,,10,48.9,F,Fail,Low
STU_000748,18,Female,Public,Low,Urban,73.14,2.92,88.93,55.68,Low,2.69,1.83,0,2.78,Low,4,4.33,4.72,0.34,10,1,5.87,Hard,23,97,51,63.19,8.89,50.34,D,Pass,Low
STU_000749,19,Female,Private,Lower-Middle,Suburban,55.91,2.31,83.49,74.43,Low,3.15,1.7,1,0.85,High,8,5.29,5.13,1.82,10,1,0.83,Easy,17,86,59,98.52,10,70.3,C,Pass,Medium
STU_000750,20,Male,Public,Lower-Middle,Urban,51.45,2.13,,59.83,Medium,3.34,2.36,0,0.79,Medium,3,4.74,5.48,2.7,10,1,0.45,Medium,28,91,41,50.5,7.83,46.54,F,Fail,Low
STU_000751,19,Male,Private,High,Urban,83.77,3.27,80.01,62.32,Low,3.16,1.79,0,0.01,Medium,3,8.84,3.84,1.55,10,1,0.15,Easy,5,90,65,97.82,10,72.48,C,Pass,Medium
STU_000752,18,Male,Private,Low,Urban,51.49,2.36,81.31,98.94,Medium,11.18,6.79,1,0.52,Medium,10,8.02,3.58,1.22,9,1,3.06,Medium,20,93,82,95.73,9.35,89.76,A,Pass,High
STU_000753,15,Male,Public,High,Urban,55.44,2.06,87.22,59.39,Medium,0.96,0.6,0,0.4,Medium,3,7.69,3.17,0.15,10,1,0.56,Hard,9,90,47,85.38,9.93,53.61,D,Pass,Low
STU_000754,14,Male,Public,Middle,Urban,63.36,2.71,88.36,65.42,Medium,3.02,2.41,1,0.33,Medium,6,5.75,4.03,1.75,10,1,1.68,Medium,25,96,65,65.45,10,67.7,C,Pass,Medium
STU_000755,15,Female,Public,Low,Urban,56.41,2.61,,60.78,Low,2.43,2.14,1,1.36,Medium,6,6.82,5.47,4,10,1,0.11,Hard,18,92,49,98.91,9.14,53.46,D,Pass,Low
STU_000756,16,Male,Public,Low,Urban,55.86,2.13,94.86,78.28,Medium,1.46,0.93,0,0.67,High,6,5.88,3.73,1.02,10,1,3.26,Hard,10,91,43,82.72,9.12,47.87,F,Fail,Low
STU_000757,15,Male,Public,Lower-Middle,Urban,70.29,2.8,75.32,72.79,High,1.38,0.87,0,0.49,High,2,9.51,5.54,1.12,7,1,0.98,Medium,26,90,46,,8.28,49.93,F,Fail,Low
STU_000758,15,Male,Public,Upper-Middle,Rural,79.95,3.11,94.55,60.84,Low,1.67,1.4,0,8.25,High,3,7.28,3.37,2.22,10,1,3.32,Medium,3,92,49,99.14,8.94,53.37,D,Pass,Low
STU_000759,18,Female,Public,Middle,Urban,86.93,3.56,90.95,71.43,Low,1.48,0.79,0,1.4,Medium,3,6.99,6.16,7.75,10,1,2.84,Medium,29,95,63,75.41,8.81,63.81,D,Pass,Medium
STU_000760,18,Male,Public,Low,Rural,85.11,3.36,88.04,55.49,Low,3.04,1.67,0,1.9,Medium,3,6.58,7.09,2.71,10,1,1.48,Hard,21,94,48,68.32,10,51.47,D,Pass,Low
STU_000761,18,Female,Public,Lower-Middle,Urban,80.72,3.14,86.37,54.88,High,2.45,1.87,0,0.79,Medium,2,6.03,3.99,1.79,10,1,1.18,Medium,16,86,59,78.81,9.9,68.02,C,Pass,Medium
STU_000762,19,Female,Private,Middle,Urban,70.73,2.74,78.51,85.22,Medium,3.91,3.29,0,0.11,High,5,7.33,6.23,1.35,10,1,11.65,Medium,23,100,74,95.74,10,73.11,C,Pass,Medium
STU_000763,16,Female,Private,Middle,Suburban,45.72,1.89,85.58,70.72,Medium,0.5,0.33,0,5.29,Medium,5,7.53,6.45,3.63,10,1,1.94,Easy,8,99,57,98.77,8.94,56.68,D,Pass,Low
STU_000764,18,Female,Public,Upper-Middle,Urban,62.81,2.35,72.38,62.74,Low,2.15,1.42,0,1.71,Medium,5,7.48,4.2,6.64,10,0,0.78,Hard,26,87,39,68.08,9.67,46.56,F,Fail,Low
STU_000765,14,Female,Private,Upper-Middle,Urban,60.21,2.56,,64.59,Low,2.25,1.84,0,3.24,Medium,4,7.85,7.32,1.84,10,1,2.86,Medium,7,87,41,100,8.42,48.3,F,Fail,Low
STU_000766,19,Female,Charter,Low,Urban,52.19,,91.63,77.46,Medium,2.35,1.39,0,1.13,Medium,3,7.62,6.74,1.52,7,1,1.91,Medium,24,96,51,98.45,7.92,50.78,D,Pass,Low
STU_000767,17,Female,Private,Low,Suburban,71.95,2.83,76.86,57.93,Medium,2.69,2.4,0,6.9,Medium,7,4.89,1,1.11,10,0,0.42,Easy,14,100,62,40.73,10,64.05,D,Pass,Medium
STU_000768,14,Female,Public,Upper-Middle,Suburban,67.1,2.46,83,73.12,Medium,3.14,2.73,1,4.11,Low,7,9.3,7.09,5.1,10,1,4.69,Easy,18,95,63,95.68,9.32,63.74,D,Pass,Medium
STU_000769,20,Female,Private,High,Rural,61.98,2.6,98.21,86.66,Low,6.39,5,0,0.2,High,9,5.21,3.5,4.46,10,1,1.2,Easy,3,99,69,,10,71.37,C,Pass,Medium
STU_000770,20,Male,Public,Low,Rural,81.96,3.3,82.97,64.71,Medium,2.18,1.72,0,2.88,Medium,9,8.65,2.64,1.71,10,1,0.92,Medium,24,93,84,83.6,10,90.07,A,Pass,High
STU_000771,14,Male,Charter,Low,Suburban,70.14,2.78,,42.53,Medium,1.64,1.09,1,0.65,Medium,6,7.29,3.95,0.99,10,1,4.79,Hard,27,97,47,80.47,9.85,48.67,F,Fail,Low
STU_000772,18,Male,Public,Low,Suburban,57.82,2.38,86.43,68.29,Low,3.5,2.57,0,1.73,High,8,8.05,2.73,8.18,9,1,0.34,Easy,14,100,78,77.55,9.25,78.33,B,Pass,Medium
STU_000773,17,Male,Public,Low,Urban,63.85,2.66,,55.42,Medium,3.97,3.56,1,0.14,Medium,8,7.99,5.97,1.57,10,1,0.55,Easy,3,87,52,63.15,9.06,60.03,D,Pass,Medium
STU_000774,17,Female,Private,Middle,Suburban,54.29,2.34,77.24,84.29,Medium,6.15,4.17,0,2.65,Medium,7,5.82,3.96,0.45,10,1,5.02,Medium,30,89,65,100,10,73.93,C,Pass,Medium
STU_000775,19,Male,Charter,Lower-Middle,Suburban,71.81,2.73,73.56,64.18,Medium,2.58,2.29,0,0.89,Medium,3,8.97,2.76,1,8,1,3.42,Medium,13,94,57,70.6,6.59,61.88,D,Pass,Medium
STU_000776,17,Female,Private,Low,Rural,64.7,2.42,86.16,89.77,High,6.62,4.91,1,0.18,Medium,8,8.44,5.46,0.35,7,0,5.97,Easy,6,88,84,70.94,4.08,97.02,A,Pass,High
STU_000777,20,Male,Private,Middle,Suburban,59.04,,94.76,65.79,Medium,2.08,1.65,0,1.13,Medium,2,6.3,5.65,0.27,10,1,1.46,Medium,4,96,45,91.21,10,44.02,F,Fail,Low
STU_000778,16,Male,Public,Lower-Middle,Rural,64.78,2.7,86.48,82.6,Medium,1.36,0.81,0,1.39,Medium,4,7.02,5.11,0.73,10,1,2.24,Hard,29,94,52,81.05,10,54.62,D,Pass,Low
STU_000779,18,Female,Private,Upper-Middle,Urban,72.96,2.95,84.85,87.68,Low,8.33,6.91,0,0.33,Medium,8,7.89,3.94,3.41,10,1,2.46,Medium,21,99,97,100,7.98,100,A,Pass,High
STU_000780,17,Male,Public,Upper-Middle,Rural,68.38,2.69,81.83,78.65,Low,3.66,3.01,0,2.51,Medium,8,8.51,6.62,0.01,9,1,1.3,Hard,4,92,43,36.71,6.31,46.57,F,Fail,Low
STU_000781,19,Male,Public,High,Suburban,71.6,3.18,79.26,65.54,Medium,3.13,1.84,0,4.1,Medium,7,5.82,8.63,0.71,10,1,2,Hard,30,85,46,67.31,8.53,55.72,D,Pass,Low
STU_000782,20,Female,Public,Upper-Middle,Urban,78.49,3.01,76.72,60.8,High,3.05,1.84,0,3.46,Medium,7,6.63,6.07,2.85,10,1,0.57,Medium,8,92,70,50.36,10,72.87,C,Pass,Medium
STU_000783,16,Female,Public,Upper-Middle,Urban,72.68,2.77,84.48,84.27,Medium,1.64,1.01,0,2.22,Medium,2,7.14,5.38,6.96,10,1,3.87,Medium,11,89,54,,7.03,60.3,D,Pass,Medium
STU_000784,15,Female,Public,Low,Suburban,72.15,2.93,75.05,82.56,Low,8.36,6.72,1,4.31,Medium,9,6.72,1.33,0.27,9,1,0.46,Easy,25,100,94,68.54,6.77,95.53,A,Pass,High
STU_000785,15,Male,Public,Middle,Urban,70.92,2.85,90.71,79.28,High,1.2,0.95,0,0.29,High,4,6.39,6.93,1.02,10,1,1.5,Easy,16,92,72,74.68,9.94,76.98,B,Pass,Medium
STU_000786,16,Male,Charter,Middle,Urban,74.4,3.03,83.02,64.07,Medium,2.28,1.72,0,0.42,Medium,4,8.67,3.81,2.52,10,1,2.48,Medium,5,87,52,88.46,10,58.17,D,Pass,Low
STU_000787,20,Female,Private,Lower-Middle,Urban,50.02,2.04,86.75,72.31,Low,2.23,1.7,1,1.03,High,6,7.66,7.73,0.21,8,1,1.95,Medium,29,100,59,72.13,7.55,58.38,D,Pass,Low
STU_000788,19,Female,Public,Lower-Middle,Suburban,96.11,3.58,70.04,58.1,High,5.15,4.43,0,0.94,High,11,8.24,4.74,5.41,7,1,1.26,Hard,23,88,87,86.28,8.08,98.42,A,Pass,High
STU_000789,16,Male,Private,Middle,Rural,73.86,3.17,82.7,74.66,Low,3.32,2.34,1,1.14,Medium,6,7.76,2.83,1.56,10,1,3.11,Easy,22,93,81,100,8.8,87.26,A,Pass,High
STU_000790,18,Male,Charter,Upper-Middle,Suburban,87.71,3.46,88.1,100,Medium,5.47,2.9,1,2.42,Low,3,4.08,3.82,0.36,9,0,5.09,Easy,12,87,81,83.9,9.58,93.03,A,Pass,High
STU_000791,18,Female,Private,High,Urban,78.95,3.2,79.81,42.98,High,0.55,0.47,0,1.08,Low,3,7.71,4.15,2.71,7,1,2.55,Medium,13,94,61,88.92,8.92,65.45,C,Pass,Medium
STU_000792,15,Female,Public,High,Urban,66.45,2.86,88.77,74.74,Medium,2.94,2.57,0,1.89,Medium,3,7.81,5.69,0.09,10,1,1.9,Hard,4,99,63,93.67,10,64.51,D,Pass,Medium
STU_000793,17,Other,Private,Middle,Rural,53.27,2.19,85.15,82.09,Medium,5.65,3.66,0,3.03,Medium,7,6.22,5.52,0.2,10,1,1.5,Easy,14,93,68,,10,71.66,C,Pass,Medium
STU_000794,19,Female,Private,Upper-Middle,Urban,62.85,2.75,70.66,76.99,Medium,2.85,2.37,1,1.28,Medium,8,5.39,4.36,0.7,9,1,1.39,Medium,16,87,40,66.45,8.84,44.89,F,Fail,Low
STU_000795,15,Other,Private,Lower-Middle,Suburban,70.26,2.88,81.57,59.28,Medium,2.74,2.33,1,0.07,High,9,6.43,4.62,11.23,10,1,7.93,Medium,21,90,68,84.03,6.59,73.53,C,Pass,Medium
STU_000796,17,Male,Charter,Lower-Middle,Rural,62.13,2.51,78.78,58.92,High,3.86,2.58,0,0.35,Low,3,8.24,4.12,0.3,10,1,2.97,Easy,10,100,67,93.45,10,66.18,C,Pass,Medium
STU_000797,17,Female,Private,Middle,Suburban,80.56,3.28,85.61,77.73,High,2.62,1.54,1,0.14,Medium,2,7.59,5.29,1.27,10,0,2.14,Medium,27,92,54,100,10,58.84,D,Pass,Low
STU_000798,18,Male,Private,Middle,Suburban,70.07,2.92,84.11,100,Medium,11.28,9.74,1,3.54,Low,11,6.54,4.11,3.7,10,1,4.53,Hard,24,99,93,82.5,10,96.33,A,Pass,High
STU_000799,20,Male,Private,Middle,Urban,72.27,,78.2,81.6,Medium,11.28,7.88,0,1.13,High,8,4.87,5.36,6.91,8,0,3.28,Medium,11,99,88,93.38,6.36,87.48,A,Pass,High
STU_000800,14,Female,Public,Upper-Middle,Urban,75.78,3.06,89.34,63.02,Medium,2,1.78,0,1.81,Medium,6,6.65,5.51,0.02,10,1,1.15,Easy,9,97,72,91.34,10,72.26,C,Pass,Medium
STU_000801,20,Other,Public,Upper-Middle,Suburban,75.58,3.1,85.11,50,High,2.96,2.11,0,2.89,Medium,5,6.75,5.98,4.6,7,1,1.77,Hard,12,94,63,74.83,6.7,66.81,C,Pass,Medium
STU_000802,14,Female,Public,High,Suburban,68.48,2.81,89.08,68.8,Medium,5.84,3.08,0,0.51,Medium,7,4.91,5.8,2.1,10,0,1.81,Medium,24,100,61,54,10,62.88,D,Pass,Medium
STU_000803,16,Male,Private,Middle,Suburban,60.77,2.38,80.69,66.07,Low,1.15,0.84,1,0.61,High,6,7.89,3.82,2.78,10,1,7.3,Medium,29,85,54,,10,63.46,D,Pass,Medium
STU_000804,18,Female,Charter,Middle,Suburban,72.34,2.8,,70.86,Low,4.35,2.23,1,7.87,Low,5,4.64,6.81,1.28,10,1,0.93,Medium,29,95,56,60.09,10,60.41,D,Pass,Medium
STU_000805,17,Female,Charter,Upper-Middle,Suburban,70.87,3.04,95.65,90.59,High,2.72,2.33,0,1.23,Low,4,7.38,2,0.72,10,1,6.5,Easy,24,86,65,85.28,10,78.19,B,Pass,Medium
STU_000806,19,Male,Private,Middle,Suburban,68.87,2.78,69.57,70.76,Medium,6.12,4.47,1,2.84,High,7,5.23,4.83,0.88,10,1,3.16,Medium,22,92,78,100,10,80.66,B,Pass,High
STU_000807,14,Male,Public,Middle,Urban,53.05,2.26,74,59.72,Medium,2.3,1.86,1,2.32,Low,6,8.44,6.23,2.63,6,0,0.75,Easy,2,94,48,59.18,6.31,53,D,Pass,Low
STU_000808,20,Male,Public,Lower-Middle,Urban,69.41,2.83,83.64,64.94,Medium,2.04,1.7,1,0.23,Medium,5,7.65,4.49,0.33,8,1,0.5,Medium,8,97,63,81.74,8.92,65.03,C,Pass,Medium
STU_000809,17,Female,Private,Lower-Middle,Urban,73.9,3,100,84.1,High,5.42,3.5,1,0.8,Low,9,4.69,5.3,0.02,10,1,2.04,Hard,23,98,62,75.06,9.8,63.76,D,Pass,Medium
STU_000810,14,Female,Public,Low,Rural,86.7,3.54,69.51,60.46,Low,1.85,1.1,1,0.52,Medium,1,6.61,5.22,7.16,10,1,3.19,Hard,6,89,45,73.03,10,51.5,D,Pass,Low
STU_000811,14,Male,Public,Low,Suburban,59.65,2.37,86.53,74.38,Medium,3.45,2.05,0,2.26,High,7,4.99,3.79,0.04,8,1,0.45,Medium,14,85,57,79.83,8.48,65.68,C,Pass,Medium
STU_000812,14,Male,Private,Lower-Middle,Suburban,69.76,3.1,70.91,45.78,Medium,1.64,1.23,1,2.18,Low,4,8.28,5.13,2.97,7,1,5.72,Medium,16,94,56,83.98,7.32,60.67,D,Pass,Medium
STU_000813,19,Female,Private,Middle,Urban,60.93,2.45,94.23,78.69,High,2.73,2.44,0,0.03,Medium,6,8.26,5.26,0.69,9,1,4.34,Easy,29,86,58,60.08,10,69.59,C,Pass,Medium
STU_000814,18,Female,Public,Low,Suburban,73.48,2.85,81.62,51.12,Medium,4.99,3.83,0,0.91,Medium,6,7.37,4.67,0.25,10,1,1.19,Medium,26,94,56,73.92,9.39,57.96,D,Pass,Low
STU_000815,19,Female,Charter,Low,Rural,55.12,2.1,64.01,56.6,High,3.24,1.74,1,3.77,Medium,6,6.53,4.36,1.69,7,1,0.88,Medium,2,95,35,53.17,6.52,36.61,F,Fail,Low
STU_000816,15,Female,Public,Lower-Middle,Suburban,56.03,2.32,,67.2,Medium,1.45,0.82,0,12.99,Medium,4,5.84,8.12,3.74,10,1,1.34,Hard,10,88,46,50.68,9.79,52.43,D,Pass,Low
STU_000817,17,Female,Public,Lower-Middle,Urban,66.65,2.58,86.62,64.79,Medium,4.38,3.76,1,1,Medium,8,8.19,3.55,6.54,7,1,4.27,Hard,25,98,63,100,8.57,65.02,C,Pass,Medium
STU_000818,18,Male,Public,Middle,Urban,71.32,3.06,84.91,43.47,Low,1.27,0.75,0,0.9,Medium,2,4.17,4.03,3.4,8,1,9.28,Medium,5,95,39,76.71,9.35,42.19,F,Fail,Low
STU_000819,18,Male,Public,High,Urban,100,3.92,92.58,67.39,Medium,0.92,0.51,0,1.14,High,2,5.05,2.83,8.37,10,1,1.94,Easy,22,89,73,73.27,8.61,81.16,B,Pass,High
STU_000820,18,Male,Charter,Lower-Middle,Urban,84.32,,69.4,78.5,Medium,3.25,2.78,0,1.66,High,6,6.51,7.43,4.71,10,1,1.87,Medium,18,92,46,70.36,9.56,51.28,D,Pass,Low
STU_000821,20,Female,Public,Middle,Urban,94.55,3.7,78.33,52.06,Medium,0.97,0.72,0,1.57,High,2,8.17,4.13,0.83,10,1,5.38,Hard,4,97,64,99.15,10,65.84,C,Pass,Medium
STU_000822,18,Female,Public,High,Suburban,60.21,2.45,89.93,80.82,High,2.02,1.21,0,0.15,Medium,7,6.65,3.94,2.57,10,1,4.54,Medium,27,94,44,62.49,9.79,48.9,F,Fail,Low
STU_000823,19,Male,Private,Low,Rural,69.35,2.62,81.89,61.23,Medium,5.95,3.3,0,0.3,High,8,6.04,5.89,0.17,10,1,7.4,Hard,22,87,68,72.43,10,78.15,B,Pass,Medium
STU_000824,18,Male,Public,Low,Urban,54.09,1.92,85.97,51.22,Medium,3.07,1.63,0,5.19,Medium,7,4.1,7.31,4.57,9,1,7.14,Hard,7,94,36,49.83,10,42.62,F,Fail,Low
STU_000825,16,Male,Public,Middle,Suburban,71.23,3.01,,56.99,Medium,3.27,2.77,0,2.64,Medium,4,5.62,6.05,1.68,9,1,1.75,Medium,17,87,45,94.06,9.85,51.91,D,Pass,Low
STU_000826,17,Male,Public,Low,Suburban,66.24,2.28,87.37,74.52,High,2.71,2.15,1,0.59,Low,4,7.61,3.41,2.38,10,1,17.53,Easy,12,98,61,,10,61.1,D,Pass,Medium
STU_000827,18,Female,Public,Low,Urban,67.19,2.6,93.27,53.44,High,0.87,0.46,0,0.92,High,5,6.98,6.32,1.11,10,1,0.39,Medium,29,97,67,59.13,8.33,70.66,C,Pass,Medium
STU_000828,17,Female,Public,Lower-Middle,Rural,70.36,2.73,76.02,73.4,Medium,4.66,2.8,1,2.63,Medium,5,5.53,3.35,1.41,10,1,0.38,Hard,9,89,54,70.17,9.63,63.99,D,Pass,Medium
STU_000829,16,Male,Private,High,Urban,83.98,3.17,87.17,71.56,Low,3.63,1.97,0,2.19,Low,6,9.24,3.92,2.54,10,1,1.24,Medium,25,97,68,72.24,10,70.95,C,Pass,Medium
STU_000830,16,Female,Public,Lower-Middle,Suburban,65.04,2.36,78.52,79.12,Medium,7.37,6.09,0,1.72,High,8,7.17,7.72,1.52,10,1,0.06,Easy,19,92,72,,10,78.63,B,Pass,Medium
STU_000831,17,Male,Public,Low,Rural,55.87,2.13,79.29,49.9,Medium,3.38,3.02,0,0.25,High,10,8.01,7.81,1.2,10,1,2.36,Medium,23,92,58,,9.05,61.33,D,Pass,Medium
STU_000832,14,Female,Private,High,Urban,89.21,3.66,84.08,73.77,Low,1.68,1.31,1,0.48,Medium,5,5.48,5.33,1.09,10,1,1.25,Medium,23,87,72,81.59,10,80.24,B,Pass,High
STU_000833,15,Female,Private,Upper-Middle,Urban,67.48,2.93,84.02,82.05,Medium,4.94,3.15,1,0.22,Low,4,7.38,3.68,0.39,10,1,0.25,Hard,10,86,47,100,8.98,55.01,D,Pass,Low
STU_000834,20,Male,Private,Upper-Middle,Urban,66.59,2.59,90.15,59.2,High,1.9,1.39,0,1.22,Medium,8,7.84,2.85,2.56,10,1,0.9,Easy,17,86,80,85.01,10,90.65,A,Pass,High
STU_000835,14,Female,Private,Middle,Suburban,67.02,3.16,81.23,57.82,Medium,0.76,0.47,0,0.3,Medium,2,6.68,4.78,1.91,7,1,1.72,Medium,10,85,43,70.67,7.29,49.39,F,Fail,Low
STU_000836,14,Female,Private,Lower-Middle,Suburban,81.54,3.4,86.47,100,High,3.93,2.04,1,0.35,Medium,9,5.27,5.04,2.16,10,0,0.12,Hard,18,99,73,60.33,10,75.15,B,Pass,Medium
STU_000837,19,Male,Public,Lower-Middle,Urban,70.55,2.73,89.16,87.18,High,1.88,1.31,0,1.07,Medium,3,6.64,4.29,3.25,8,1,3.61,Medium,5,89,50,60.53,7.69,56.11,D,Pass,Low
STU_000838,20,Male,Private,Lower-Middle,Suburban,49.39,,,71.23,Medium,5.82,4.38,0,5.66,Medium,10,6.17,5.28,0.73,10,1,1.1,Easy,27,99,89,79.44,7.11,89.68,A,Pass,High
STU_000839,20,Female,Public,Low,Suburban,61.77,2.47,,62.56,Medium,1.93,1.06,1,3.5,Medium,4,6.81,6.87,2.25,10,1,2.14,Medium,28,99,32,57.72,10,32.53,F,Fail,Low
STU_000840,14,Female,Private,High,Urban,76.82,3.08,86.43,68.18,High,3.83,3.21,0,4.41,Medium,7,6.29,4.63,7.77,10,1,1.27,Medium,26,91,77,83,10,82.96,B,Pass,High
STU_000841,18,Female,Public,Middle,Urban,55.38,2.08,87.85,89.7,Medium,6.45,3.36,0,1.49,Medium,6,5.87,4.92,1.29,10,1,0.78,Medium,17,89,63,75.34,7.34,70.4,C,Pass,Medium
STU_000842,19,Male,Private,Lower-Middle,Rural,69.92,2.6,74.32,54.42,Medium,1.19,0.93,0,0.02,Medium,4,6.42,5.25,1.91,10,1,0.18,Medium,14,86,39,89.44,10,47.34,F,Fail,Low
STU_000843,19,Male,Private,Low,Suburban,58.21,2.31,76.57,65.07,High,1.63,0.82,0,2.76,Medium,1,5.74,1.92,4.26,10,1,0.56,Hard,5,99,27,85.56,10,25.91,F,Fail,Low
STU_000844,16,Female,Charter,Lower-Middle,Urban,81.48,2.96,89.64,83.29,Medium,3.1,1.93,0,2.11,Medium,6,7.59,2.66,3.41,10,0,2.09,Medium,20,99,74,76.93,10,75.87,B,Pass,Medium
STU_000845,20,Male,Public,Lower-Middle,Suburban,68.82,2.68,71.48,55.3,Medium,1.47,0.79,0,0.42,Medium,9,6.04,2.21,2.31,10,1,0.49,Medium,29,95,52,57.36,10,53.53,D,Pass,Low
STU_000846,14,Male,Private,Lower-Middle,Urban,57.9,2.22,88.61,70.03,Medium,2.23,1.65,0,4.48,Medium,1,7.02,1.45,0.23,10,1,4.23,Medium,25,94,39,73.37,10,41.67,F,Fail,Low
STU_000847,16,Female,Charter,Middle,Rural,92.52,3.71,70.82,52.94,Medium,3.02,2.49,1,0.48,Low,9,6.68,6.24,1.2,10,1,5.94,Hard,2,96,68,88.35,9.47,72.37,C,Pass,Medium
STU_000848,17,Male,Public,Lower-Middle,Urban,57.9,2.33,,61.14,High,1.55,0.96,0,2.91,Low,2,8.54,2.24,1.68,10,1,2.54,Medium,23,85,45,96.59,10,52.85,D,Pass,Low
STU_000849,15,Female,Private,Upper-Middle,Rural,82.32,2.98,83.39,52.79,Medium,4.06,2.08,0,5.21,High,7,8.04,3.82,0.02,8,1,2.22,Hard,24,88,56,,7.62,63.79,D,Pass,Medium
STU_000850,19,Female,Public,Low,Rural,72.5,2.63,85.09,85.29,Medium,3.9,3.44,0,4.06,Low,5,6.72,5.64,1.81,8,1,1.47,Hard,25,86,58,100,7.75,65.58,C,Pass,Medium
STU_000851,17,Female,Private,Low,Suburban,57.85,2.02,79.8,77.57,High,3.42,1.93,1,5.31,Low,6,7.51,1.6,1.43,10,1,1.12,Medium,27,87,52,93.37,7.51,60.78,D,Pass,Medium
STU_000852,17,Male,Private,Middle,Urban,82.24,2.98,94.38,84.38,Low,3.78,1.99,0,3.04,Medium,6,6.4,2.86,0.42,8,0,1.07,Medium,7,98,62,59.53,8.49,60.48,D,Pass,Medium
STU_000853,18,Female,Public,Middle,Urban,60.17,2.3,,79.67,Medium,3.02,2.47,0,3.45,High,6,7.02,4.49,4.96,10,1,0.39,Easy,2,85,48,75.94,7.44,57.57,D,Pass,Low
STU_000854,15,Male,Public,High,Urban,83.72,3.15,92.44,79.42,Medium,3.86,2.67,0,1.62,Low,8,6.79,2.71,1.54,10,1,1.26,Medium,9,98,78,96.3,9.28,80.23,B,Pass,High
STU_000855,17,Male,Public,Low,Urban,70.49,3.09,89.24,55.74,Medium,2.04,1.81,0,2.75,Medium,7,7.92,1.13,0.29,10,1,2.77,Medium,14,93,65,100,8.59,69.18,C,Pass,Medium
STU_000856,17,Female,Public,Middle,Urban,47.62,1.82,95.96,68.02,Medium,2.05,1.1,1,1.04,Medium,7,6.28,5.75,1.55,10,1,0.02,Easy,17,96,50,,9.58,53.02,D,Pass,Low
STU_000857,15,Male,Public,Low,Urban,56.1,2.15,75.8,66.36,Low,0.53,0.35,0,1,Medium,3,5.34,6.03,3.93,10,1,0.28,Easy,16,98,45,68.72,10,46.15,F,Fail,Low
STU_000858,15,Female,Public,Upper-Middle,Urban,66.99,2.32,90.25,59.73,Medium,1.11,0.84,0,0.7,Medium,6,6.92,4.6,0.86,10,1,0.36,Easy,18,87,48,100,10,54.1,D,Pass,Low
STU_000859,17,Other,Public,Low,Urban,62.24,2.53,70.6,45.12,Low,4.94,2.52,0,0.91,High,7,5.91,3.77,0.93,10,1,3.76,Easy,3,87,37,17.03,10,45.74,F,Fail,Low
STU_000860,15,Male,Charter,Upper-Middle,Urban,87.97,3.6,86.25,89.14,Low,4.76,2.47,0,1.43,Medium,8,6.29,3.19,4.71,10,1,3.6,Medium,24,88,73,94.37,10,81.03,B,Pass,High
STU_000861,17,Female,Charter,Lower-Middle,Urban,57.82,,83.43,72.82,High,5.77,4.74,0,2.56,Medium,5,8.23,6.71,2.91,10,1,2.9,Medium,20,89,61,94.36,9.89,69.37,C,Pass,Medium
STU_000862,17,Male,Public,Middle,Suburban,71.05,2.87,74.67,72.76,High,2.57,1.58,1,3.1,High,5,4.73,6.02,0.81,8,1,1.91,Easy,13,96,65,66.3,5.01,66.13,C,Pass,Medium
STU_000863,18,Female,Private,Low,Suburban,69.68,2.58,83.94,71.92,High,2.84,1.95,0,3.1,Medium,8,6.71,3.2,4.46,10,1,2.26,Hard,22,93,62,74.79,9.85,67.63,C,Pass,Medium
STU_000864,14,Male,Private,Upper-Middle,Rural,66.8,2.7,80.36,80.5,Medium,1.42,1.14,0,0.94,Medium,4,8.07,2.45,2.42,10,1,2.58,Medium,17,91,48,100,10,53.51,D,Pass,Low
STU_000865,17,Female,Private,Middle,Suburban,69.6,2.59,75.72,68.99,Low,2.84,1.68,0,0.06,High,7,7.45,3.96,0.61,8,0,0.33,Easy,26,88,67,40.92,7.85,76.73,B,Pass,Medium
STU_000866,16,Female,Charter,Middle,Suburban,62.16,2.65,86.91,71.9,Low,3.38,1.79,0,0.1,High,9,8.21,6.12,7.57,10,0,4.07,Medium,11,95,69,59.87,8.78,73.76,C,Pass,Medium
STU_000867,19,Female,Private,Upper-Middle,Urban,68.9,3.05,86.97,96.91,High,6.85,5.89,0,0.36,Medium,8,7.46,5.08,0.36,7,1,6.96,Medium,29,85,73,93.1,4.86,84.18,B,Pass,High
STU_000868,20,Male,Private,Lower-Middle,Suburban,80.87,3.34,88.12,62.71,High,1.71,1.51,1,0.62,Low,6,6.6,4.97,1.28,10,0,6.11,Hard,26,93,53,69.45,7.54,60.3,D,Pass,Medium
STU_000869,14,Female,Charter,Upper-Middle,Rural,65.38,2.75,84.93,61.16,Low,4.39,2.2,0,0.29,Medium,8,7.77,5.27,2.11,10,1,0.24,Easy,11,97,56,53.46,9.57,54.78,D,Pass,Low
STU_000870,14,Female,Private,Middle,Urban,89.71,3.6,98.71,82.43,High,5.2,3.78,0,2.94,Medium,3,5.4,2.63,0.59,10,1,0.38,Easy,20,85,63,65.82,8.92,76.13,B,Pass,Medium
STU_000871,14,Female,Public,Lower-Middle,Urban,81.88,3.26,96.73,63.43,Medium,1.56,1.23,1,1.68,Medium,4,8.38,5,1.98,8,1,2.77,Easy,17,89,75,67.46,10,85.99,A,Pass,High
STU_000872,18,Female,Public,Middle,Urban,82.93,3.38,78.6,69.2,High,0.89,0.76,0,0.25,Medium,6,5.88,6.24,1.55,10,1,8.17,Medium,19,99,45,50.61,10,47.64,F,Fail,Low
STU_000873,17,Male,Private,Low,Urban,63.76,2.77,84.57,74.47,Medium,2.39,1.52,0,2.88,High,6,7.04,4.03,4.7,10,1,2.4,Medium,7,85,36,100,10,44.41,F,Fail,Low
STU_000874,18,Male,Public,Lower-Middle,Urban,64,2.69,81.52,59.22,Medium,3.93,2.06,0,0.47,Medium,6,7.4,3.77,6.29,10,1,0.49,Medium,20,95,52,97.75,10,52.89,D,Pass,Low
STU_000875,17,Male,Charter,Upper-Middle,Rural,57.91,2.37,87.54,45.54,High,1.71,1.02,0,1.18,Low,5,6.67,5.79,1.73,10,1,4.11,Medium,4,85,33,88.65,10,39.24,F,Fail,Low
STU_000876,18,Male,Public,Low,Urban,69.64,2.77,88.73,75.59,Medium,2.44,1.93,1,1.08,High,4,6.99,5.11,1.46,10,1,0.62,Hard,18,91,47,71.45,10,54.4,D,Pass,Low
STU_000877,18,Male,Private,Low,Urban,57.44,2.53,81.74,51.06,Low,1.89,1.04,0,2.59,Medium,7,4.71,6.8,3.55,10,1,2.01,Hard,8,91,33,86.87,10,38.04,F,Fail,Low
STU_000878,19,Female,Public,Middle,Rural,73.69,2.95,83.37,72.23,Medium,2.23,1.86,0,9.2,Medium,6,4.47,6.38,1.66,10,1,5.96,Medium,6,92,56,75.6,7.68,60.82,D,Pass,Medium
STU_000879,16,Male,Public,Lower-Middle,Rural,73.22,3.07,87.05,73.14,Medium,3.63,2.65,0,4.12,High,5,8.5,4.11,4.97,7,1,1.53,Medium,3,91,68,84.29,6.92,75.98,B,Pass,Medium
STU_000880,18,Male,Private,Low,Suburban,72.54,2.91,75.68,72.21,High,0.84,0.65,0,3.71,Medium,3,8.13,4,8.03,10,1,0.26,Medium,26,99,44,67.7,8.76,44.99,F,Fail,Low
STU_000881,19,Male,Public,Middle,Suburban,63.82,2.53,97.43,85.8,Medium,1.65,0.92,0,8.83,Medium,0,6.19,5.9,0.6,10,1,0.91,Hard,1,98,14,75.5,9.71,13.65,F,Fail,Low
STU_000882,15,Female,Public,Upper-Middle,Suburban,78.75,3.11,84.85,72.37,High,3.8,2.38,0,0.32,Medium,3,9.1,4.13,0.03,7,1,1.26,Medium,22,93,81,93.14,6.98,88.7,A,Pass,High
STU_000883,16,Male,Private,High,Urban,61.78,2.39,97.38,65.57,High,1.59,1.27,1,0.09,Medium,1,8.96,4.41,0.55,10,1,1.41,Medium,13,86,41,86.67,9.08,49.68,F,Fail,Low
STU_000884,18,Male,Public,Middle,Rural,77.54,3.12,95.35,65.02,Medium,1.48,0.79,0,1.7,Medium,9,7.12,4.02,0.01,7,1,4.96,Hard,19,87,66,64.51,5.97,76.08,B,Pass,Medium
STU_000885,20,Female,Public,Lower-Middle,Urban,98.08,3.77,69.25,59.87,Medium,0.92,0.8,0,2.34,Medium,4,5.46,7.93,1.01,8,1,5.79,Medium,2,96,51,78.49,7.25,52.14,D,Pass,Low
STU_000886,14,Other,Public,Lower-Middle,Urban,76.05,2.9,82.35,78.8,High,3.56,2.12,0,2.64,Medium,8,6.27,4.44,0.91,10,1,3.26,Medium,28,87,73,75.47,9.28,82.35,B,Pass,High
STU_000887,15,Male,Public,Lower-Middle,Urban,80.24,,77.92,73.86,Medium,3.67,3.05,1,3.46,Medium,5,7.15,2.71,2.43,10,1,0.13,Medium,2,96,56,72.58,9.42,59.37,D,Pass,Low
STU_000888,15,Male,Public,Low,Urban,89.98,3.67,79.07,48.32,Medium,3.27,2.18,0,1.73,Low,8,8.88,2.59,0.8,8,1,0.5,Easy,22,89,89,79.61,10,100,A,Pass,High
STU_000889,19,Male,Charter,Lower-Middle,Rural,77.59,3.13,86.21,66.24,Medium,1.12,0.84,0,1.09,Low,5,5.33,2.82,4.3,10,1,0.98,Easy,28,88,61,87.12,9.26,73.29,C,Pass,Medium
STU_000890,15,Female,Public,Low,Urban,71.47,2.93,95.21,74.31,Low,1.4,0.99,0,2.77,Medium,4,6.12,1.84,3.93,7,1,6.68,Medium,11,98,65,76.74,6.5,69.82,C,Pass,Medium
STU_000891,16,Male,Private,Low,Rural,70.8,2.76,78.82,70.92,Medium,1.2,0.66,0,1.72,High,7,7.13,8.09,3.12,10,1,6.18,Easy,1,89,40,77.41,10,47.14,F,Fail,Low
STU_000892,18,Female,Public,Upper-Middle,Suburban,65.07,2.49,92.06,74.34,High,0.53,0.34,0,1.79,High,2,7.07,4.35,1.18,10,1,2.87,Medium,1,96,24,80.11,10,24.77,F,Fail,Low
STU_000893,18,Male,Charter,Low,Suburban,75.67,3.14,76.82,64.12,High,6.66,5.15,0,0.79,High,7,7.48,7.62,1.2,7,1,0.74,Hard,6,96,65,53.86,6.04,70,C,Pass,Medium
STU_000894,20,Male,Public,Low,Suburban,62.06,2.35,83.87,88.43,Low,5.66,3.98,0,2.17,Medium,10,6.33,5.37,3.02,10,1,1.12,Hard,13,86,43,87.11,8.94,50.8,D,Pass,Low
STU_000895,14,Female,Public,Middle,Rural,77.29,2.95,96.87,79.13,High,1.62,1.32,0,3.27,Medium,3,7.75,4.38,1.85,10,1,4.35,Medium,23,85,52,71.75,9.91,60.84,D,Pass,Medium
STU_000896,19,Female,Private,High,Urban,61.02,2.38,81.39,68.09,Medium,3.7,1.88,0,1.37,Low,5,6.87,5.19,1.03,7,1,3.15,Medium,26,99,74,99.65,5.45,76.06,B,Pass,Medium
STU_000897,14,Male,Public,Lower-Middle,Urban,49.34,1.58,86.86,70.11,Low,2.82,2.1,0,0.56,Medium,6,6.67,4.54,0.12,9,1,9.6,Medium,27,91,47,,8.69,50.09,D,Pass,Low
STU_000898,15,Male,Private,Middle,Suburban,55.82,2.25,96.49,92.73,Medium,5.77,4.18,0,4.17,Medium,3,6.3,5.62,0.33,10,1,3.18,Hard,1,93,34,82.84,10,35.39,F,Fail,Low
STU_000899,20,Male,Private,Lower-Middle,Suburban,85.9,3.23,82.69,94,Medium,4.99,3.97,0,1.4,High,6,5.97,9.5,1.3,10,1,1.05,Hard,13,93,66,82.63,9.2,69.02,C,Pass,Medium
STU_000900,14,Female,Private,Middle,Urban,82.41,3.29,82.25,65.2,Medium,5.18,3.41,0,1.77,High,10,8.38,6.29,0.89,8,1,6.85,Hard,29,90,60,,7.8,65.2,C,Pass,Medium
STU_000901,16,Male,Public,Low,Urban,67.73,2.63,82.91,75.4,Medium,3.16,2.21,0,1.71,Medium,9,10.08,4.91,5.49,10,1,0.34,Medium,8,93,69,100,9.12,73.95,C,Pass,Medium
STU_000902,18,Male,Private,Lower-Middle,Urban,78.27,3.18,79.63,67.69,Medium,2.19,1.91,0,0.21,Medium,5,7.78,5.96,2.36,10,1,1.67,Medium,29,99,66,56.11,10,66.87,C,Pass,Medium
STU_000903,15,Male,Private,Upper-Middle,Suburban,92.24,,92.1,70.52,Medium,3.02,1.89,1,2.01,Low,4,6.19,6.64,8.81,10,1,1.35,Hard,19,97,57,61.98,10,59.74,D,Pass,Low
STU_000904,20,Male,Public,Middle,Urban,81.81,3.42,,68.96,Low,3.16,2.06,1,2.13,Medium,8,5.84,5.25,3.9,10,1,3.72,Medium,22,92,69,80.6,10,76.06,B,Pass,Medium
STU_000905,14,Female,Private,Upper-Middle,Urban,58.54,2.28,94.53,73.4,High,3,1.65,0,4.37,High,3,4.51,6.67,0.07,10,1,2.42,Medium,18,90,43,63.19,9.65,46.19,F,Fail,Low
STU_000906,19,Male,Public,Lower-Middle,Urban,72.48,2.73,100,84.94,High,3.19,1.6,0,0.39,Medium,4,7.04,6.97,8.92,8,1,4.63,Medium,28,100,56,83,8.18,58.94,D,Pass,Low
STU_000907,16,Female,Public,Middle,Urban,66.73,2.68,77.97,67.23,High,1.99,1.02,0,1.03,Medium,5,6.42,3.33,7.69,10,1,0.69,Medium,5,94,38,98.03,10,38.26,F,Fail,Low
STU_000908,16,Male,Public,Lower-Middle,Urban,71.89,2.78,83.01,68.13,Low,5.11,4.32,1,0.23,Low,12,6.49,5.68,3.06,7,1,2.62,Medium,20,92,71,74.88,7.42,76.31,B,Pass,Medium
STU_000909,14,Female,Private,Low,Rural,69.86,2.87,94.08,93.39,Low,5.7,4.27,0,2.11,High,10,6.08,4.5,1.27,10,1,0.15,Medium,3,95,47,66.1,10,48.61,F,Fail,Low
STU_000910,18,Male,Charter,Low,Suburban,79.35,3.24,96.96,61.33,Low,2.69,2.08,0,1.22,High,9,8.1,6.59,0.5,10,1,2.78,Medium,19,100,85,,10,86.66,A,Pass,High
STU_000911,14,Male,Public,Lower-Middle,Suburban,74.25,2.95,,74.55,Medium,3.35,2.89,0,0.54,High,3,7.72,7.87,3.79,10,1,1.31,Medium,20,98,69,89.25,7.84,71.09,C,Pass,Medium
STU_000912,15,Female,Private,High,Suburban,47.66,1.94,88,60.17,Medium,2.88,1.87,0,0.52,Low,3,6.69,1.99,7.95,10,1,0.58,Easy,28,93,48,91.33,10,52.92,D,Pass,Low
STU_000913,14,Female,Public,Low,Rural,56.15,2.16,82.62,57.99,High,2.49,1.44,1,1.67,Medium,7,8.03,3.41,3,6,0,0.38,Hard,3,87,37,55.41,6.57,42.31,F,Fail,Low
STU_000914,16,Male,Private,Lower-Middle,Suburban,72.21,2.73,89.73,79.32,Medium,3.24,2.41,1,6.97,Medium,4,6.94,7.23,8.78,10,1,5.18,Medium,2,89,53,69.27,10,57.25,D,Pass,Low
STU_000915,20,Female,Public,Lower-Middle,Suburban,55.07,2.26,73.37,59.11,High,4.02,3.05,1,4.7,Medium,10,5.47,4.45,2.38,10,1,0.77,Hard,19,99,54,86.61,8.98,53.59,D,Pass,Low
STU_000916,14,Female,Public,High,Urban,94.69,4,93.87,93.84,High,4.34,3.2,0,4.57,Medium,2,7.17,3.43,7,7,1,4.31,Medium,30,91,71,50.9,3.4,77.59,B,Pass,Medium
STU_000917,18,Male,Public,Lower-Middle,Suburban,63.05,2.63,88.59,85.21,Medium,3.27,2.88,1,0.71,Medium,11,6.97,6.45,0.31,10,1,1.18,Medium,11,85,50,76.84,7.62,61.2,D,Pass,Medium
STU_000918,20,Male,Private,Low,Urban,55.46,2.07,81.28,49.36,Medium,1.68,0.89,0,3.2,Medium,6,8.96,7.44,6.98,8,1,1.33,Medium,24,95,52,76.82,7.63,54.41,D,Pass,Low
STU_000919,19,Female,Public,High,Suburban,85.54,3.29,100,83.07,High,4.66,2.35,0,0.08,Medium,5,6.58,3.83,4.37,10,1,2.71,Medium,5,91,66,79.69,10,71,C,Pass,Medium
STU_000920,17,Male,Public,Lower-Middle,Urban,72.36,2.88,85.99,92.96,High,2.79,2.11,1,0.74,Medium,3,8.96,4.45,0.09,6,1,4.08,Easy,14,91,79,48.58,5.72,86.69,A,Pass,High
STU_000921,14,Female,Public,Middle,Suburban,63.4,,100,64.87,Medium,1.78,1.04,0,3.88,High,4,6.84,5.31,2.17,10,1,10.78,Medium,8,89,47,100,10,49.71,F,Fail,Low
STU_000922,18,Male,Public,Lower-Middle,Urban,68.28,3.02,80.67,69.69,Low,3.51,2.34,0,1.25,Medium,5,6.65,8.55,0.15,7,1,1.86,Hard,18,87,45,98.26,9.26,49.33,F,Fail,Low
STU_000923,20,Female,Charter,Middle,Urban,68.55,2.7,83.9,82.18,Low,5.34,3.84,0,2.62,Medium,7,7.86,6.65,0.46,10,1,4.43,Medium,10,93,60,67.67,10,59.89,D,Pass,Low
STU_000924,18,Female,Private,Upper-Middle,Suburban,48.41,1.94,86.52,65.3,High,1.48,0.86,0,1.6,High,1,7.93,4.91,0.88,10,1,1.64,Medium,2,88,11,96.61,9.73,9.43,F,Fail,Low
STU_000925,19,Female,Private,Middle,Rural,75.06,,90.19,72.17,High,3.01,2.66,1,0.61,Medium,4,7.84,7.67,0.43,10,1,1.4,Easy,5,98,82,62.2,10,84.39,B,Pass,High
STU_000926,16,Other,Public,High,Suburban,75.28,3.21,85.02,64.18,Low,1.08,0.74,1,0.23,Medium,5,6.6,3.22,6.15,8,1,0.11,Medium,16,89,50,78.17,9.38,55.38,D,Pass,Low
STU_000927,18,Female,Public,Low,Rural,58.76,2.26,92,54.31,Medium,1.4,1.11,1,0.11,Medium,5,6.91,3.29,0.65,8,1,0.52,Medium,5,92,58,,8.94,60.99,D,Pass,Medium
STU_000928,20,Male,Public,Middle,Urban,65.51,2.58,75.44,80.46,High,7.8,6.37,0,1.04,Low,6,5.98,6.49,8.88,10,1,2.07,Medium,20,99,55,,10,54.22,D,Pass,Low
STU_000929,18,Male,Charter,Middle,Suburban,72.53,2.92,91.83,54.23,Medium,3.65,2.73,0,0.34,High,5,7.09,6.61,1.67,10,1,5.6,Medium,30,87,70,74.75,10,77.18,B,Pass,Medium
STU_000930,18,Male,Public,High,Suburban,45.33,2.24,95.86,97.37,High,1.68,1.34,0,0.58,Medium,2,6.12,4.73,2.98,8,1,1.93,Easy,28,96,64,59.01,5.7,68.04,C,Pass,Medium
STU_000931,18,Female,Public,Low,Urban,69.28,2.38,,58.84,Low,3.94,2.81,0,2.71,Medium,8,8.35,4.3,10.12,10,1,5.98,Easy,15,91,89,97.52,8.56,98.57,A,Pass,High
STU_000932,15,Male,Charter,Lower-Middle,Urban,95.43,3.85,80.98,86.46,Medium,5.36,3.46,0,0.66,Low,8,8.92,4.02,0.68,10,1,3.3,Medium,24,93,81,99.16,9.42,87.24,A,Pass,High
STU_000933,15,Female,Public,Upper-Middle,Urban,75.03,3.16,80.8,83.67,High,8.48,5.11,0,1.04,High,10,6.54,2.58,1.44,10,1,3.77,Medium,2,91,72,57.35,9.03,77.83,B,Pass,Medium
STU_000934,16,Male,Private,Middle,Urban,57.49,,84.15,50.55,Medium,0.82,0.69,0,0.51,High,2,8.45,5.32,1.38,7,1,7.19,Easy,3,99,42,,7.14,41.19,F,Fail,Low
STU_000935,14,Male,Public,Middle,Suburban,66.46,2.42,76.39,77.23,High,5.47,4.73,1,1,High,4,5.35,6.42,0.59,9,1,0.8,Hard,26,98,51,,10,53.48,D,Pass,Low
STU_000936,18,Male,Public,Middle,Urban,64.16,2.67,100,61.15,High,1.48,0.8,1,3.75,Medium,3,7.13,4.18,1.39,10,1,1.78,Medium,28,94,43,74.49,10,43.91,F,Fail,Low
STU_000937,19,Female,Public,Low,Rural,42.68,1.66,89.87,68.19,High,2.92,2.14,0,2.95,Medium,4,7.99,5.2,5.02,8,0,2.59,Hard,8,92,19,,8.08,22.36,F,Fail,Low
STU_000938,14,Female,Public,High,Urban,75.32,3.36,,78.74,High,3.72,2.39,1,3.14,Medium,10,8.25,5.84,0.97,10,1,1.7,Hard,3,96,38,,9.15,40.44,F,Fail,Low
STU_000939,19,Male,Public,Lower-Middle,Suburban,74.7,2.94,89.79,63.49,High,1.1,0.74,0,3.97,High,5,5.23,1.04,1.59,10,1,3.31,Medium,18,91,46,66.75,9.71,52.39,D,Pass,Low
STU_000940,14,Male,Public,Lower-Middle,Rural,62.22,2.43,99.2,71.36,High,1.63,1.28,0,1.16,Low,5,7.35,4.25,3.29,10,1,0.75,Medium,26,92,52,93.05,9.34,57.44,D,Pass,Low
STU_000941,16,Male,Public,Lower-Middle,Rural,80.18,3.03,72.03,48.97,Low,0.77,0.69,0,0.25,Medium,5,4.68,5.64,0.61,10,1,0.74,Medium,24,97,61,84.77,8.42,64.36,D,Pass,Medium
STU_000942,18,Female,Charter,Middle,Rural,56.04,2.3,84.72,70.35,Low,3.24,2.15,0,1.91,Medium,4,5.48,1.68,3.95,8,1,1.63,Medium,2,90,47,56.06,6.94,54.48,D,Pass,Low
STU_000943,18,Male,Charter,Middle,Suburban,76.98,3.25,79.93,55.29,Low,2.14,1.67,0,0.64,Medium,5,3.1,10.2,7.98,10,1,0.81,Hard,30,87,41,78.08,10,49.72,F,Fail,Low
STU_000944,17,Female,Public,Lower-Middle,Urban,62.2,2.26,84.84,67.52,Low,2.66,2.05,1,2.06,Medium,2,8.25,4.74,10.86,7,1,0.82,Easy,29,97,66,52.84,6.17,68.67,C,Pass,Medium
STU_000945,19,Male,Public,Low,Rural,57.08,2.25,78.9,75.15,High,8.38,4.86,0,2.02,Medium,9,6.16,5.59,0.96,10,1,1.6,Medium,17,86,48,66.52,6.38,56.25,D,Pass,Low
STU_000946,14,Female,Private,Middle,Urban,84.69,3.49,80.97,66.96,Medium,2.66,1.69,0,0.3,Low,8,7.72,6.13,0.89,8,1,4.33,Medium,6,96,70,63.89,8.43,70.75,C,Pass,Medium
STU_000947,14,Female,Private,Lower-Middle,Rural,66.39,2.43,84.14,68.35,Medium,0.66,0.38,0,1.65,Low,1,6.61,7.76,1.52,10,1,0.19,Hard,8,89,37,100,7.11,42.36,F,Fail,Low
STU_000948,15,Male,Public,Middle,Rural,72.42,2.74,75.4,47.25,Low,1.86,1.38,0,0.47,Medium,6,7.92,3.84,0.35,9,1,1.11,Medium,2,93,50,,10,53.96,D,Pass,Low
STU_000949,17,Male,Private,Middle,Urban,61.66,2.48,98.14,97.3,Low,5.5,4.13,0,2.53,High,4,4.91,5.55,2.1,10,1,0.25,Medium,13,94,63,,10,65.47,C,Pass,Medium
STU_000950,20,Male,Public,Middle,Suburban,78.5,3.18,91.53,65.01,Medium,1.25,1.09,0,1.03,Medium,4,7.18,7.39,4.36,10,1,0.15,Medium,26,94,67,100,7.73,68.6,C,Pass,Medium
STU_000951,20,Female,Public,Lower-Middle,Urban,70.3,2.91,83.44,55.7,Low,0.75,0.64,1,7.39,Medium,3,6.63,2.53,2.38,10,1,1.66,Easy,21,97,68,83.86,10,69.64,C,Pass,Medium
STU_000952,15,Female,Public,Lower-Middle,Urban,64.46,2.59,91.13,83.87,High,3.18,2.24,0,2.92,Medium,4,7.56,2.45,3.65,10,1,5.23,Hard,10,92,53,100,10,54.89,D,Pass,Low
STU_000953,15,Male,Public,Upper-Middle,Urban,77.4,3.15,76.96,67.13,Medium,4.84,3.92,0,1.22,Medium,2,6.48,4.96,0.92,9,1,4.27,Hard,5,86,47,49.28,9.63,54.57,D,Pass,Low
STU_000954,15,Male,Public,Upper-Middle,Rural,79.2,2.89,100,91.11,Low,7.69,5.51,0,0.91,High,8,4.97,3.21,2.18,8,1,5.49,Easy,30,95,83,66.46,9.65,90.36,A,Pass,High
STU_000955,19,Male,Public,Low,Suburban,44.99,1.72,79.49,46.92,Medium,1.9,1.48,0,0.14,High,8,6.59,4.08,4.69,10,1,1.94,Hard,29,94,27,,10,28.1,F,Fail,Low
STU_000956,19,Male,Charter,Middle,Urban,67.02,2.36,78.33,62.58,High,1.26,0.86,1,3.37,Medium,0,9.3,3.25,0.84,10,1,2.4,Medium,6,87,40,81.65,10,48.34,F,Fail,Low
STU_000957,16,Male,Private,High,Suburban,89.65,3.41,80.72,65.1,Medium,1.89,1.44,0,0.71,Medium,5,6.03,5.81,1.94,10,1,0.32,Hard,15,93,40,59.95,10,43.56,F,Fail,Low
STU_000958,16,Male,Public,High,Urban,93.3,3.75,93.88,77.02,Medium,3.37,2.3,0,1.82,Medium,0,8,8.22,0.65,10,1,2.58,Medium,4,98,72,76.75,10,74.03,C,Pass,Medium
STU_000959,15,Male,Public,Lower-Middle,Urban,64.98,2.37,76.63,64.09,High,1.07,0.88,1,4.33,High,7,7.22,5.16,3.54,10,1,13.77,Medium,16,91,48,91.42,9.94,51.99,D,Pass,Low
STU_000960,17,Male,Private,Upper-Middle,Urban,67.27,2.86,80.65,53.75,Medium,0.59,0.44,0,1.03,High,5,6.83,7.1,7.39,10,1,6.61,Easy,3,93,63,90.43,8.47,66.97,C,Pass,Medium
STU_000961,14,Male,Private,Middle,Rural,100,4,,57.24,High,1.9,1.58,0,6.01,Medium,4,7.94,7.88,4.89,10,1,0.43,Easy,22,89,67,69.09,10,78.03,B,Pass,Medium
STU_000962,19,Female,Private,Middle,Urban,72.87,2.94,,63.55,High,0.81,0.67,1,3.24,Medium,6,7.6,5.3,2.39,10,1,0.77,Medium,19,100,41,68.29,8.97,40.14,F,Fail,Low
STU_000963,17,Female,Private,Middle,Urban,85.78,3.47,100,73.2,Low,2.58,1.37,0,1.11,Medium,10,8.74,3.22,0.98,10,1,0.33,Medium,24,87,73,93.51,10,82.93,B,Pass,High
STU_000964,18,Male,Charter,Middle,Urban,49.21,1.9,77.55,63.35,Medium,3.42,3.05,0,0.11,Medium,8,5.37,6.76,0.02,10,1,2.98,Easy,19,91,59,71.49,8.77,64.95,D,Pass,Medium
STU_000965,19,Male,Public,Upper-Middle,Urban,69.71,2.57,87.62,74.99,Medium,2.1,1.71,1,1.7,Medium,3,8.48,5.85,3.99,10,1,0.53,Easy,2,92,64,94.62,10,68.25,C,Pass,Medium
STU_000966,19,Female,Private,Lower-Middle,Rural,67.34,2.47,88.76,63.19,Medium,1.36,1.13,0,0.5,Medium,6,7.16,2.23,2.36,10,1,0.16,Easy,1,94,44,89.55,10,46.33,F,Fail,Low
STU_000967,16,Male,Private,High,Urban,52.01,,74.24,57.85,Low,1.28,0.78,0,1.04,Medium,4,6.04,3.81,4.49,10,1,0.75,Hard,16,87,36,91.63,8.27,36.99,F,Fail,Low
STU_000968,14,Male,Charter,Low,Urban,77.74,3.05,64.26,62.99,Medium,2.28,1.44,1,7.38,High,7,7.06,3.15,1.45,10,1,3.03,Medium,11,94,40,54.04,9.42,41.76,F,Fail,Low
STU_000969,14,Male,Public,Upper-Middle,Urban,82.15,3.27,88.53,92.65,Low,4.15,2.86,0,4.87,High,8,3.82,5.98,1.09,10,1,5.12,Medium,14,89,61,,8.59,65.04,C,Pass,Medium
STU_000970,20,Male,Public,Middle,Suburban,54.56,,79.04,55.76,High,1.26,1.04,0,2.82,High,7,8.18,4.8,1.08,10,1,2.23,Hard,29,87,57,65.35,10,65.73,C,Pass,Medium
STU_000971,20,Male,Public,Middle,Urban,74.66,2.77,86.44,56.99,Medium,1.54,1,0,1.45,High,4,5.48,4.59,1.81,10,1,0.7,Medium,25,94,52,57.72,10,53.88,D,Pass,Low
STU_000972,20,Female,Public,Upper-Middle,Urban,66.99,2.73,90.02,78.56,Low,2.87,1.74,0,6.57,High,11,7.13,4.85,0.62,10,1,3.49,Medium,12,94,62,91.95,10,65.27,C,Pass,Medium
STU_000973,20,Male,Public,Middle,Suburban,83.3,3.3,,58.82,Low,2.43,1.38,0,2.46,Medium,4,7.2,7.18,0.88,10,0,1.92,Medium,23,90,59,85.01,10,65.93,C,Pass,Medium
STU_000974,18,Male,Private,Low,Rural,75.27,3.12,72.9,36.7,Low,0.97,0.59,1,1.03,Medium,5,7.85,5.81,1.58,10,1,3.59,Easy,15,92,57,80.04,10,60.99,D,Pass,Medium
STU_000975,18,Female,Charter,Middle,Urban,66.85,2.84,97.15,62.9,Low,4.73,3.27,1,6.35,Medium,10,5.97,4.4,0.07,9,1,3.41,Medium,8,98,72,60.2,7.99,79.65,B,Pass,Medium
STU_000976,19,Male,Private,Low,Suburban,65.72,2.72,100,62.82,Low,1.39,0.96,0,0.43,Medium,2,7.68,4.17,5.4,10,1,0.12,Medium,2,96,48,69.24,8.47,51.57,D,Pass,Low
STU_000977,15,Male,Public,Lower-Middle,Urban,74.19,3.08,88.2,63.13,Medium,4.14,2.4,0,1.49,High,2,6.81,3.56,0.41,10,1,3.32,Medium,7,90,72,99.75,8.08,80.26,B,Pass,High
STU_000978,16,Female,Public,High,Urban,83.44,3.46,96.04,65.91,Low,2.62,2.13,0,1.35,Medium,6,7.46,5.15,1.24,10,1,6.99,Medium,1,96,52,71.78,8.78,57.19,D,Pass,Low
STU_000979,16,Female,Public,Lower-Middle,Suburban,71.08,2.69,,64.93,Medium,0.81,0.59,1,13.49,Medium,1,5.87,4.18,1.13,8,1,1.19,Hard,7,98,41,85.14,6.69,41.72,F,Fail,Low
STU_000980,20,Male,Public,Lower-Middle,Urban,63.94,,78.12,74.93,High,3.13,1.84,0,1.86,High,7,7.74,5.25,6.56,9,1,7.09,Hard,21,90,47,86.3,10,52.58,D,Pass,Low
STU_000981,19,Male,Public,Low,Urban,72.68,2.63,95.62,77.74,Medium,2.92,1.84,0,0.21,Medium,8,7.29,6.22,0.63,8,1,0.98,Medium,12,89,67,100,8.23,72.28,C,Pass,Medium
STU_000982,17,Male,Private,Middle,Suburban,71.91,2.68,,76.79,High,2.18,1.33,0,1.06,Medium,4,7.7,3.38,2.71,10,1,2.97,Hard,20,86,35,78.64,8.3,41.57,F,Fail,Low
STU_000983,15,Female,Charter,Middle,Suburban,68.3,2.97,94.1,64.46,Low,1.03,0.54,0,9.59,Medium,5,8.63,5.83,0.91,10,1,1.52,Medium,5,97,82,100,9.32,83.22,B,Pass,High
STU_000984,19,Male,Private,Low,Suburban,75.76,3.05,77.67,46.35,Low,1.18,0.62,0,0.44,Medium,5,7.46,6.06,2.03,10,1,9.75,Medium,10,96,71,76.11,9.02,71.57,C,Pass,Medium
STU_000985,15,Female,Public,Middle,Urban,68.23,2.86,98.91,72.1,High,1.92,1.24,0,2.81,Medium,4,6.38,2.89,1.87,10,1,0.66,Easy,26,100,79,77.94,9.27,79.23,B,Pass,Medium
STU_000986,15,Male,Public,High,Suburban,67.83,2.64,92.77,66.27,Medium,0.69,0.36,0,1.02,Medium,6,6.67,5.9,0.34,10,0,3.55,Hard,2,85,26,86.64,10,28.03,F,Fail,Low
STU_000987,15,Male,Private,Lower-Middle,Urban,62.06,2.47,84.82,94.74,Low,3.6,2.26,1,0.1,Low,6,8.53,2.21,0.61,10,1,2.83,Hard,23,89,61,79.66,10,66.03,C,Pass,Medium
STU_000988,19,Male,Public,Upper-Middle,Rural,90.19,3.45,75.42,76.38,Low,5.18,3.89,1,0.84,Low,12,6.72,2.25,2.51,9,1,2.66,Hard,13,95,85,71.36,7.93,90.71,A,Pass,High
STU_000989,20,Female,Public,Lower-Middle,Rural,85.51,3.41,83.63,61.96,Medium,5.67,3.65,0,0.29,Medium,7,5.73,2.53,1.43,10,1,5.17,Medium,8,89,69,78.95,9.03,76.3,B,Pass,Medium
STU_000990,16,Female,Charter,Upper-Middle,Rural,76.85,3.35,89.66,79.77,High,3.41,2.05,0,1.52,Medium,2,4.66,5.13,1.11,8,0,1.6,Easy,5,99,66,90.45,8.44,67.03,C,Pass,Medium
STU_000991,16,Female,Public,Low,Urban,60.08,2.57,64.82,44.34,Medium,1.18,0.92,1,0.14,Medium,10,5.27,4.67,1.05,10,1,1.47,Easy,22,87,36,58.14,8.46,42.66,F,Fail,Low
STU_000992,20,Female,Public,Low,Suburban,75.91,3.16,84.19,73.9,Medium,4.26,2.98,1,0.42,Medium,10,8.69,5.36,0.21,10,1,0.18,Medium,7,97,68,84.18,6.5,71.22,C,Pass,Medium
STU_000993,15,Male,Private,Lower-Middle,Urban,65.24,2.39,75.76,89.68,Medium,1.79,0.94,0,1.2,Low,5,7,5.3,0.01,8,0,4.06,Medium,8,98,75,82.35,7.02,74.53,C,Pass,Medium
STU_000994,17,Female,Private,Lower-Middle,Rural,72.59,2.97,77.24,55.93,Low,1.4,0.93,0,0.74,Medium,5,6.13,4.66,0.22,8,1,1.62,Medium,13,88,61,100,10,68.1,C,Pass,Medium
STU_000995,14,Male,Public,Lower-Middle,Urban,56.3,2.16,84.64,59.94,Medium,3.09,1.91,0,0.95,Medium,3,4.26,2.16,0.51,10,1,4.59,Hard,18,89,35,93.67,10,40.47,F,Fail,Low
STU_000996,19,Male,Private,Lower-Middle,Rural,82.31,3.48,86.83,65.53,High,1.77,1.39,0,0.03,Medium,5,8.26,5.15,0.28,10,1,1.96,Medium,18,95,46,71.37,8.62,48.14,F,Fail,Low
STU_000997,14,Male,Public,Low,Urban,98.12,3.79,83.9,62.67,Medium,2.46,1.79,1,2.02,Medium,9,8.61,4.14,3.62,6,1,0.24,Hard,23,94,78,,2.73,81.62,B,Pass,High
STU_000998,20,Female,Private,Upper-Middle,Urban,54.95,2.21,81.77,62.07,Medium,0.76,0.47,0,1.23,High,4,5.61,2.1,1.03,10,1,2.59,Easy,30,93,58,85.8,10,62.41,D,Pass,Medium
STU_000999,17,Male,Public,Middle,Suburban,54.6,2.25,84.86,43.08,Low,1.77,0.95,0,0.67,Medium,3,5.94,4.69,4.18,10,1,3.92,Hard,25,91,45,89.29,10,48.62,F,Fail,Low
STU_001000,19,Female,Private,Middle,Urban,57.25,,74.16,72.94,High,2.28,1.76,1,4.19,Medium,4,9.45,6.67,0.51,10,1,4.3,Easy,14,100,72,62.82,10,68.71,C,Pass,Medium
